Word,Coefficient,DocFreq
مكاسبه,0.024978694590534825,706
اعلي,0.018912751190504846,1478
ارتفع,0.0183220932233567,1306
الاعلي,0.017716450411239634,711
مكاسب,0.012741878536935671,311
الثلاثاء,0.009885130620163982,699
سبكيم,0.007586074417921947,1208
السعودياظهر,0.007030591827275249,355
الاتصالات,0.007005378770423282,1252
شاشه,0.006448526658878409,1046
و,0.006290791961366363,1988
المزادالتغيرالاهلي,0.00609600545776903,58
كهرباء,0.005834604506698487,992
اسبوعاالشركهالسعر,0.0056187336896826165,573
تداول,0.005611747029629583,2874
معادن,0.005506184259139819,1528
القيمه,0.005432531606140354,626
العالميه,0.005402566233562522,1752
الارتفاع,0.0051587842200092595,527
الوحدات,0.005067480231464181,125
نادك,0.0049658016770720344,325
بي,0.004911423368155834,488
الاسمنت,0.004812391339344817,452
اداء,0.004643982492877263,887
رابغ,0.004425922563322095,761
يرتفع,0.004421310325401199,196
بترو,0.0044165559582839764,689
الاربعاء,0.004369883933397747,741
الزامل,0.004344184098781564,362
مدينه,0.004313248775970082,520
الافراد,0.00429736704876693,243
فيبكو,0.004149586993749116,260
للصناعه,0.0041403090254700245,389
السهم,0.004102544198176364,1333
الرحمن,0.004100457529652646,65
الدفتريه,0.0040662337933038495,75
تمويل,0.004027937466318126,298
العرب,0.003981431866607441,214
للاغذيه,0.003970046179611188,394
الثالث,0.003963597772884198,684
المؤشرات,0.0037802781420638904,148
المعرفه,0.003777640190310264,307
التي,0.0037645839774461385,3467
مبكو,0.003672602766102401,314
السوقيه,0.0036260445627341606,149
المواساه,0.003621428978547431,697
مره,0.003616528501819039,140
الصناعيه,0.003613376846416701,522
عبد,0.0035891431665103415,268
ل,0.003499362693613069,2004
استرا,0.0034559777913132717,290
تمديد,0.0033608687390317585,94
سنويا,0.003352040772343771,185
يونيو,0.003332929698761404,823
المرحله,0.00327307231414438,180
التسويق,0.0032417329739501616,186
الوطني,0.00321744238030617,1248
سعر,0.003206755497729664,3281
محدثه,0.003188161657880227,52
تكوين,0.003169892542823029,257
مجمع,0.003159668971535003,84
لجميع,0.0031458387445063994,275
وسعر,0.0031383792704888645,137
منذ,0.0031260484653626735,1149
للشركات,0.003120806919258535,627
ام,0.003103974623687551,717
المنطقه,0.003102819983499615,185
المجموعه,0.0030831563874956854,1161
بدء,0.0030449165002511868,220
بدايه,0.003042771469716682,513
سدكو,0.0030417283437075464,127
اسبوعا,0.0030343475043586336,679
م,0.0030162389582318503,822
راس,0.003014473675328872,742
NUM,0.003008750216184922,5448
انتاج,0.00299402858753249,278
قرار,0.0029799624104806383,183
عنايه,0.002966800383310227,314
اخر,0.0029531828635149075,1413
الواحده,0.002912253236286509,98
الجوف,0.002902871070981956,463
المتاحه,0.0028950635823318588,560
العالم,0.002888214178244568,296
هرفي,0.0028859634061996348,372
العموميه,0.0028849142313286174,129
ظهرا,0.002870217471890551,91
المزادالتغيراسمنت,0.002868366467998936,176
المنتجات,0.002844728132963461,417
اسيج,0.0028200763707000053,311
مال,0.002808721930269334,237
بترورابغ,0.0027962533916251323,294
وتشغيل,0.0027887061697532915,78
وتنتهي,0.0027253068825496343,55
تشغيل,0.002709235572119169,138
العربي,0.002702364407330197,1774
قروض,0.00269590741188393,250
وتغليف,0.0026808172496754503,225
سجلت,0.0026735810811288154,1119
مشيره,0.0026397507603214253,246
امانه,0.002636059330421293,382
الجنوب,0.002632057511137255,76
اللجنه,0.002622576564482324,121
الاندماج,0.002617054353117394,186
العزيز,0.002610770482501303,140
افضل,0.0025989662803080345,239
وذكرت,0.002567340706296029,124
اخري,0.00255051992163549,440
خلال,0.0025465416861382745,4419
بمقدار,0.002530332121529196,245
نماء,0.002493963998755252,413
نقطتين,0.0024850656561413854,58
يسجل,0.0024850336603435036,66
تلاه,0.0024849372356577485,280
الوحده,0.0024701283764667747,55
ادناه,0.00246983078474561,727
الكبير,0.002432777474635952,81
الراجحي,0.002427420373257723,2167
اتفاقيه,0.002425549122661058,358
المجلس,0.002419186008424073,162
الاجمالي,0.002398904857684895,470
القائمه,0.0023962854502462584,285
الوقائيه,0.002386613956431558,70
بنسبه,0.002385707555670007,1291
الماليين,0.0023661581431047417,51
الزراعيه,0.002365656317540873,799
شراء,0.0023477790721235584,180
الطرفين,0.00234110543261425,70
التمويليه,0.0023384351371897646,175
وتم,0.0023254556432429074,302
البنكيه,0.0023251102482421014,88
استثمار,0.002317331430098967,498
للمغذيات,0.0023102270145158943,455
قائمه,0.0023061716790411923,798
استثماريه,0.002305261673991901,74
يوليو,0.0022955306058183144,708
سي,0.0022857013482172595,1248
بيانات,0.002268591148415436,183
الملكيه,0.0022511872972139834,126
يتضح,0.002246627316483494,605
العقارات,0.002238718335247291,107
دول,0.0022376526508442766,119
العقود,0.002225689325361771,184
قطاعات,0.0022156074293374285,171
بيع,0.002214424754836299,246
سامبا,0.002213589791814106,1535
بنحو,0.0022058665721437507,1326
وتحسين,0.002201785647196069,154
والاستحواذات,0.0021935980714728014,74
ليبلغ,0.002187806265229941,107
صناعه,0.0021877907143135404,456
جميع,0.0021815183774599733,637
ايرادات,0.002170297283796041,182
شهرا,0.0021621626142701127,161
سبتمبر,0.002132295082870742,879
الالكتروني,0.002130375159532574,248
كبير,0.002128852938391586,212
العهد,0.0021163798283769315,61
محليه,0.0020979572779098563,52
ابرز,0.002092070594795168,116
زياره,0.002091035791265711,98
داخل,0.0020817015186219085,185
قطاع,0.0020770401022754247,866
وبقيمه,0.002075549048583354,1688
اغلاق,0.002064095591062168,683
لتصبح,0.0020639846673552575,92
ب,0.0020632803759078225,2677
الزياده,0.0020470161884812454,106
الاجماليه,0.002046917159472098,133
والقيمه,0.002043257014599972,86
موقع,0.002042098520032312,289
التشغيلي,0.0020416404044955087,138
الحصه,0.0020402341928770036,169
المرتفعه,0.0020363868422886744,382
المتقدمه,0.002032894659754648,1047
طباعه,0.002018573603154846,205
الحكومي,0.0020148254584813783,112
التنفيذيين,0.0020126792316283635,93
رفع,0.0020000562519822914,354
عطاء,0.00199868727671322,191
مختلف,0.0019984238767922773,229
التابعه,0.001995584121973476,373
التجزئه,0.001994365516570399,56
سعود,0.0019900158102241867,138
سيتم,0.00198764823139984,393
له,0.00198148668698983,324
سهم,0.001977456961690655,3144
قدره,0.001977051332174177,490
كيمانول,0.0019696718554921217,372
مبينا,0.001967695280306817,184
السوق,0.0019653010667897296,3934
المتنقله,0.0019612199187033965,77
اعتبارا,0.001945901584162394,742
منتج,0.0019447734408843188,140
ضمن,0.0019447692162216728,514
الشريعه,0.0019440343152729578,58
مصرف,0.0019366848172115859,1166
للاسواق,0.0019307207163164928,199
العقاريه,0.001924541031918376,484
الاغذيه,0.0019086476073449153,71
مضيفه,0.001907957851021496,59
عكس,0.0019048824666424557,120
ارتفاعا,0.0018943872767772034,2092
نفس,0.0018855497615409972,583
السعودي,0.0018821496551814285,4252
والتصويت,0.0018817704748810577,78
الاندماجات,0.0018813666167415543,81
تراجعت,0.0018809852395203317,272
استمرت,0.0018767749574662256,332
مبيعات,0.0018758820846751965,185
ووفقا,0.0018742432283760408,563
للمنتجات,0.0018732855640317151,77
اليوم,0.0018677129803836192,3538
الدوائيه,0.0018625197756514979,389
المضافه,0.0018619447950384224,92
الائتمانيه,0.0018601166168064366,166
البتروكيماويات,0.0018585077807809999,259
السيوله,0.001856529060538551,125
وتشمل,0.0018502696682360677,90
الاسلاميه,0.0018419567146467743,71
المقبل,0.0018391128436267092,97
وبخصوص,0.001838538225051717,126
التنظيميه,0.0018336867685398094,110
طلبات,0.0018322328223139511,90
صباحا,0.001830195762850774,94
بتاريخ,0.0018233206405483449,431
المدرجه,0.0018197200924954327,486
الجيل,0.0018121465736985482,88
ارقام,0.0018098910079636813,4058
فانه,0.0018079328160637736,69
الانماء,0.0017991962094405561,1398
نظرا,0.0017986187285069996,152
الله,0.0017982243589362396,277
الاجل,0.0017960942903363312,152
والتصنيع,0.0017894766355560363,242
بانخفاض,0.0017860682754118093,162
الثلاثه,0.001783910961845383,50
التنميه,0.0017790545258360535,131
الممنوحه,0.0017729851711045545,271
ساهم,0.0017688176443347347,143
اعمار,0.0017664012562895852,614
الكبيره,0.0017621092999908535,266
رعايه,0.0017587258455920123,459
اكتوبر,0.0017529236714713093,756
تحديد,0.0017523005275859346,169
الميثانول,0.0017480925027557543,96
ايان,0.00171783869081126,105
للمصرف,0.0017073829723850812,56
مقابل,0.0016977309866464025,553
بدلا,0.0016877504686643441,599
الاسواق,0.0016787756659967694,296
دراسه,0.0016779120172505622,132
بطاقات,0.0016766502571192005,61
التوالي,0.001675440662981676,484
التغير,0.001672632152358581,427
المحتمل,0.0016719013969459377,84
مخصصاتها,0.0016695646428324393,51
برامج,0.001662484759472691,146
الخامس,0.0016599269868644594,113
لمناقشه,0.0016587007457790797,66
بغرض,0.0016553985661199168,124
توفير,0.0016546863741593767,220
ليصل,0.0016513682877185257,247
المياه,0.0016441658280359663,62
تنفيذي,0.001642505699279792,68
الدوليه,0.0016407121483014476,167
شعار,0.001640643387835478,308
باجمالي,0.0016246661577748833,56
المركزي,0.00162404372852474,218
ادائها,0.0016206571462584545,85
يتجاوز,0.0016206277583810265,57
مشاريع,0.0016162782507295299,204
تداولاتي,0.0016121653912485197,91
لزياده,0.0016116278395648742,102
وصافي,0.0016064982436062088,137
ايجاد,0.0016040624926320526,56
يكون,0.001596146913370282,792
تقليص,0.0015919646546603708,733
اللياقه,0.0015851315114907046,481
المعدنيه,0.0015828280224853336,55
تغيرات,0.0015816563005438275,68
مساهمه,0.0015788362757126302,122
جلسه,0.001578776509643756,2201
عاما,0.0015761088112238647,103
لاداء,0.0015716420289189825,103
تقدم,0.0015621799291058358,147
تلتها,0.0015607876289974428,58
والخدمات,0.0015598250088497267,174
للتنميه,0.0015582360275113447,469
النشاط,0.0015515839899713012,70
بالشراء,0.00154790940770712,72
تاسيس,0.0015465001146502799,79
كبيره,0.0015460469989213323,151
اخوان,0.0015396210069031323,320
بن,0.0015395856588839706,685
تحقيق,0.001538247343347887,498
الرئيسي,0.0015380293161820888,116
اغلب,0.0015345174165836552,50
الحديثه,0.0015300653848818351,137
اتحاد,0.0015272765310453626,1142
والتوزيع,0.0015246772568922973,69
طن,0.0015242575407565188,175
الربحيه,0.0015187969443853043,156
وسيكون,0.001515287680143668,79
بها,0.0015147055070856646,400
وارتفعت,0.0015120725409592517,187
تنتهي,0.0015098773525448251,133
الناشئه,0.0015079180644146243,215
املاك,0.0015062023818391312,68
توقيع,0.0015050457885511866,160
اضافه,0.0015018376359978408,528
وتقوم,0.001499353092226051,64
استثنائيه,0.0014987393836643527,65
تسجيل,0.0014945972433274078,856
نقود,0.001491779256139306,127
المبيعات,0.0014910654473033302,249
ولي,0.001490132129145172,102
الدرع,0.0014897337849183983,288
مصادر,0.0014892625118960022,139
صفقه,0.001480117794784522,2641
الثانيه,0.0014780579342406118,373
تضم,0.0014770920402211378,106
لها,0.0014746583203339761,870
الجبس,0.0014737553968708521,173
لانخفاض,0.001470773689812822,66
الاجراءات,0.0014704856876882838,177
بلغ,0.0014691336700120338,535
وحدات,0.00146880309803835,100
فترتي,0.0014648192279720874,1163
الامير,0.0014611516045425596,183
المزادالتغيرمعادن,0.0014597111838521271,58
الذاتيه,0.001455873700978969,78
درايه,0.0014547723495559272,129
كبار,0.0014518312503178606,98
الفرص,0.0014516281466316538,121
منحه,0.0014478759720208763,57
وتنفيذ,0.0014429276123822726,90
الشركهاغلاق,0.0014403250410421778,62
للسوق,0.0014392766082037428,143
الفرنسي,0.0014321828761987784,1881
التصويت,0.0014314132478779563,216
الاقتصادي,0.0014282934405813934,149
مده,0.0014237256137127096,157
الاركان,0.0014220533522364494,622
الرابعه,0.0014208258652279562,155
والمصارف,0.0014166858590984688,220
الكيماويات,0.0014152291515701645,80
القادم,0.0014120954670826158,91
اضافيه,0.0014069428835778177,196
عالميا,0.0013971075329760319,90
COVID,0.0013970574001323226,51
حصص,0.0013968211071019897,62
ايضا,0.0013919188113787403,530
لمشروع,0.0013856823098228237,69
معظم,0.001384467666477732,92
كافه,0.0013818616304860124,214
للكهرباء,0.001381754792589113,442
التحويليه,0.0013783907523616209,62
اسيا,0.0013743648486177515,69
المصارف,0.0013730102015081552,294
https,0.0013728394488440084,82
بمثابه,0.0013663655432729362,53
واحدا,0.0013620531414714903,53
التحديات,0.0013570083976694339,84
يمثلون,0.0013378793563721652,65
مدعوما,0.0013355587655147915,55
المكرمه,0.0013337705523712106,110
مشترك,0.0013318823205337998,131
البنوك,0.0013302798056188416,1052
عمر,0.0013236812944724147,373
الخطوط,0.00132263927341139,57
نتيجه,0.0013207206285192896,517
وشهد,0.0013158358875229883,180
الصيانه,0.001312109197608987,134
العاملين,0.0013108409395658424,67
الالكترونيه,0.0013089642257192874,131
التمويلي,0.0013081503518518757,56
يليه,0.0013056616157952575,215
واحده,0.0013050680498601554,289
الشركاء,0.001305000663323521,61
الجهود,0.0013007234996781465,129
شركه,0.0012979725033816062,2034
الثابته,0.0012975149184675547,69
يعكس,0.0012968930603545435,84
قطر,0.0012961649154662495,74
تصدرها,0.0012946747611031952,97
بدا,0.0012913391539810712,105
الاجنبيه,0.0012908224879821198,113
الاتفاقيات,0.0012906049182945971,84
الترتيب,0.0012851294864786908,61
ارامكو,0.0012847989805058137,631
اكثر,0.001275922708124254,1040
رصد,0.0012737488280344985,2429
tadawulaty,0.0012713050405603228,90
المهندس,0.0012683358973280972,347
لهذه,0.0012670264087892337,114
الموافق,0.0012654823420537897,514
اللجين,0.001262967696600712,353
خدمه,0.0012602366365818357,288
الاف,0.001257140450188223,85
عملاء,0.001256820562820103,50
دعوه,0.001255536992071431,82
وسط,0.0012519473585856742,63
بان,0.0012510384120984967,284
والخاص,0.0012502919106003303,91
ميدغلف,0.0012492558359957226,324
الذكيه,0.0012485072624942768,99
الحكومه,0.001247483209631389,97
تتعلق,0.0012386090460310912,53
هوامش,0.0012385424570774308,140
وزياده,0.0012382475254721003,233
وليس,0.0012370053239882939,697
عام,0.0012282771499725774,1633
صحيفه,0.0012263831160016433,85
الجهات,0.0012253931101418262,321
المزرعه,0.0012230649348034183,324
وانخفاضا,0.0012184109154545952,107
الصناعه,0.0012174658370161008,123
بمقر,0.0012153536992614864,65
الاسبوع,0.0012141595532228935,235
لعام,0.0012126279591462247,355
استخدام,0.001210316551265799,139
الهدف,0.0012060475236836147,50
الدعم,0.0012049732734337028,123
معايير,0.0011993663737987145,146
com,0.0011983281644885352,164
شراكه,0.0011963463567698487,65
عذيب,0.0011882764192676358,176
وغيرها,0.0011837005547392372,95
تسجل,0.0011818263464663209,217
اسهم,0.0011772644465384238,2608
تاجيل,0.0011755654807203127,64
مصنع,0.0011737966687771475,181
ملكيه,0.001172695820923771,244
جدول,0.0011703313997133338,2612
ترصد,0.0011700377309993312,69
تحدد,0.001168893097127475,85
الجدول,0.001168215638929144,3410
للاسهم,0.001167082357647327,625
تحقق,0.0011663159950444308,132
الشراء,0.0011632042307364375,165
بلغت,0.001162329486520095,3011
التركي,0.0011594439827300657,57
الايرادات,0.0011541027776007457,172
النشره,0.0011513675791188648,223
المده,0.0011509402594253343,88
الدين,0.001150842892366703,62
لمساهمي,0.00114767769847213,66
ساكو,0.0011473566640018728,360
والشركه,0.001146861532871267,106
العامله,0.0011460100445859708,267
امام,0.0011445754188915496,60
تدعو,0.0011428794496233026,67
حصتها,0.0011385707639965151,83
بالاسهم,0.001130264838955474,50
انذاك,0.001125535268655876,261
الكرام,0.0011230235765676054,120
عاليه,0.0011218404287306972,155
المطلوبات,0.0011188534990995837,72
تسعي,0.0011186223530509536,88
والذي,0.0011184758680484234,452
توقعت,0.0011170438842783906,106
الاحصائيه,0.0011145951123550052,69
الكابلات,0.0011116762724769048,342
انه,0.0011091382418392662,1026
النهائيه,0.0011069590220139796,117
راشد,0.0011069273250108856,54
الاعمال,0.0011018754745782432,408
التسجيل,0.001100517451199844,110
تزامنا,0.0010979849361748804,71
ابريل,0.0010977240203848175,758
مساهميها,0.0010973127238062541,85
اسواق,0.0010922683201413533,911
نشرتها,0.0010885474212748742,59
لعدم,0.0010817769640487835,54
البطاقات,0.0010812140268233576,52
قرر,0.0010798004249160612,59
تلك,0.0010784947921895697,402
وخارجها,0.0010751697418992672,71
المحللين,0.0010730450807294664,178
الساعه,0.0010694310195032233,2110
لانظمه,0.0010673016542360266,82
والتمويل,0.0010621766422093638,99
للمؤشر,0.001056588122255776,150
الهاتف,0.0010557597814518692,86
احقيه,0.0010483507818861975,158
مدي,0.0010481749303108126,108
الاثر,0.0010478342881394158,186
المزادالتغيرسامبا,0.001047825186096518,57
للطن,0.0010464009167470605,56
فرز,0.0010456351439395342,56
موظفا,0.0010422526618989844,50
مراحل,0.0010404045688644943,108
صحيحا,0.0010397986028108225,52
لبناء,0.0010393059625945697,51
اليوميه,0.0010377841191289117,60
احمد,0.0010359004570335392,137
واغلق,0.0010286466004745258,78
لفتره,0.0010276231512973903,91
المنتجه,0.0010227918525536422,75
اللازم,0.0010223168021225634,129
تبلغ,0.0010209642475022217,345
حي,0.0010201935957501577,74
الورق,0.001019202187731695,301
يسر,0.0010188169951833653,51
قيمه,0.001016673621434991,1400
اوردت,0.0010154236964192498,94
تتضمن,0.0010119069988819274,146
للقطاع,0.0010113104743992793,284
للبيانات,0.0010110052138740011,333
والضرائب,0.0010065631009923788,70
لاكثر,0.0010047527264938144,51
جدا,0.0010040046047627533,60
بالبنك,0.0009994415378434382,55
اعمالها,0.000999217744765117,115
الاشهر,0.0009988826165173064,59
جرير,0.000995846100905563,1104
سجل,0.0009918336029206274,377
احكام,0.0009874146797116657,75
يناير,0.00098730803181746,625
الملحقه,0.0009871244272002858,112
مزيد,0.0009860686264167294,788
بارباح,0.0009851547461825127,198
صاله,0.0009842958103956643,236
الجلسه,0.0009838714559483744,2107
تم,0.000980387312200794,1087
نشاطا,0.0009779998215198955,64
بفضل,0.000977390839932872,75
www,0.0009757636153411556,136
العربيه,0.000975476298327315,1993
البحري,0.0009747133974447117,283
وصلت,0.0009742193134774499,57
فئه,0.0009684224336662052,64
ربحيه,0.0009684046513246736,99
وفقا,0.0009649488183403789,453
باستخدام,0.0009631296596963295,100
تتجاوز,0.0009621145883360023,164
بندتوضيحتفاصيل,0.0009609735111199429,77
يوم,0.0009602438935831379,637
الاكثر,0.0009545585974737618,2028
الضوء,0.0009524534736669003,73
وبينت,0.00095234200994329,371
الامين,0.0009515610457863934,57
ولا,0.000949974661250358,800
الاسبوعي,0.0009480482868993329,59
العاشره,0.0009425989586881121,84
السعوديين,0.0009424512368578777,59
موضح,0.0009418762081652338,119
والاعلام,0.0009378490401632229,177
تملك,0.0009361886978688577,53
نتائجها,0.0009322942201687645,94
التطور,0.0009321659163883953,121
كم,0.0009319494529224856,150
وتراجع,0.0009299404247194285,153
سنه,0.0009250488947125416,183
لاجتماع,0.0009216491164561662,51
سابك,0.0009196489781815393,2009
بحر,0.0009195981773853586,172
بوان,0.0009176705535043169,315
تمت,0.0009155485295446906,2593
متوقعا,0.0009151320497210599,54
اصول,0.0009150439609041873,97
لغرض,0.0009149001740156164,61
بعدما,0.0009128488283345878,59
مباشره,0.0009127170472421327,128
الارضيهجدوي,0.0009126244271641136,88
القصيمبدجتمهارهالخدمات,0.0009126244271641136,88
السعوديهكيانصافولاينسابالعربي,0.0009126244271641136,88
الوطنياسواق,0.0009126244271641136,88
الراجحيسابكاس,0.0009126244271641136,88
السعوديهالمتقدمهمصرف,0.0009126244271641136,88
سيبنك,0.0009126244271641136,88
يوجد,0.0009096319747985158,86
قطاعي,0.0009092798308056295,55
واستحوذ,0.0009030719820432837,161
تعديل,0.0009007487845437747,160
لانعقاد,0.0009002810549980718,56
الراميه,0.0008943595778712423,54
تحسين,0.0008907977922163941,155
وزاره,0.0008906988318758252,234
الحره,0.0008880558494823034,73
بعدد,0.0008863666243642709,81
انحاء,0.0008862755074493295,56
الملفات,0.0008851902921227083,58
عالميه,0.0008851279700169349,80
والاداريه,0.0008848245623275376,69
حافظ,0.0008847077309868563,59
وتعد,0.0008834025436490889,150
لاول,0.0008823635777792587,67
تعالي,0.0008797474237285736,53
الاطراف,0.0008793756956707501,71
لاحقا,0.0008757780998703941,94
والطاقه,0.0008751756848322129,56
القدره,0.0008742890871588268,63
واعاده,0.0008732633446055607,71
واعلنت,0.0008672017044251763,72
اس,0.0008668768347929295,1399
جازان,0.0008665454376857716,82
متاح,0.0008653257078863055,72
وتصدر,0.0008651920271263533,202
للحصول,0.0008649459680813307,70
التاليه,0.000864732928487122,148
اهم,0.0008643439008084158,2129
اتخاذ,0.000862772452682611,96
الاستمرار,0.0008617720112850773,70
الاسعار,0.0008604911870012922,229
اسهمها,0.0008586252563734627,77
انتهاء,0.0008563042557059022,192
تقدر,0.0008526476280613736,70
وجاءت,0.0008501266303024339,197
اغسطس,0.0008485938887677826,782
بمشيئه,0.0008469337665358215,66
ديون,0.000845016677386751,62
اداره,0.0008442290866174745,774
المصرفي,0.0008435222414579416,164
التغييرات,0.0008433709761447098,105
التعليميه,0.0008422153570727604,60
الشبكه,0.0008411322611566796,71
الصحراء,0.0008385336222206415,262
النظام,0.0008375077762500607,113
للمؤسسات,0.0008350459320338826,164
للتاميندار,0.0008328433186810483,127
الفرنسيبوبا,0.0008328433186810483,127
الاركاناعمار,0.0008328433186810483,127
الاقتصاديهموبايليجريرالاهلي,0.0008328433186810483,127
الانماءالمراعيبنك,0.0008328433186810483,127
للتامينالتعاونيه,0.0008328433186810483,127
بقطاع,0.0008323545289603224,177
مساهمي,0.0008314026165252067,162
دون,0.0008292692093077247,445
الخزف,0.0008273572989389074,385
فبراير,0.000822529208006192,715
الفنيه,0.000820863570718897,103
عسير,0.0008190594269478454,378
فرع,0.0008188082635464531,105
الاكبر,0.0008183543903645728,333
المجمعه,0.0008162532998553153,146
ثم,0.0008145186391581952,2416
وكفاءه,0.0008143631131439265,50
متطلبات,0.00081411664530504,98
الصين,0.0008136551934874958,86
مرفق,0.0008133106644743121,91
نشاط,0.0008107893209242444,59
اكدت,0.0008106968720440462,91
وفق,0.0008081064413503374,190
باغلاق,0.0008075218167397283,121
اي,0.00080576525247914,1575
وفيما,0.0008038455895720385,3050
فتره,0.0008012501056360083,2201
كذلك,0.0008007553587695867,91
كجزء,0.0007989394852234929,53
محطه,0.0007966257042943397,87
الصفقه,0.0007899821847821807,826
الدراسه,0.0007874875188047544,82
اظهرت,0.0007873321493421716,482
واظهرت,0.0007862723094256438,62
تحديث,0.0007862293475756618,62
فوتسي,0.0007847542274074722,120
ولم,0.0007839757383782323,158
المحدثه,0.000782601888395457,75
مسبقا,0.000782558701372846,76
حضور,0.0007796465968045981,110
وسائل,0.0007789458239914914,152
لصناعه,0.000777011543901839,66
سيسكو,0.000776710286983896,397
العرض,0.0007766049776467094,113
تصل,0.0007761426848640439,190
الدول,0.0007753960470842915,90
وبين,0.000773550679845878,180
للاستفاده,0.0007707160587005459,56
نوع,0.0007692793004608865,122
MSCI,0.000764702658766134,72
المقيدين,0.0007642772851742997,76
جديده,0.0007641187103464383,389
لارتفاع,0.0007636131144609427,77
معلومات,0.0007623303864606775,74
ودعم,0.0007613096163287551,129
المنتج,0.0007607273818526876,135
بموجبها,0.0007598215254700535,55
الانفاق,0.0007584218358092918,72
عضوا,0.0007583326033146882,68
حق,0.0007553950052370315,81
بالاضافه,0.0007544420587406215,2021
مثل,0.0007535084481394962,227
الرقمي,0.0007525369607383447,140
الاعلاف,0.0007518980925290983,56
ويمكن,0.0007508313026313836,60
متكرره,0.0007504452785491122,58
نجران,0.0007496072750410913,288
المستهدف,0.0007490387442955808,335
الارباح,0.0007489954256625208,688
سلبيه,0.0007480818013207834,50
الغاء,0.0007469821838106282,52
لحضور,0.0007468932927219413,74
الخاص,0.0007459591978333668,446
وقيمه,0.0007456005719189808,56
ربح,0.0007448221697195475,244
وتوقع,0.0007438023444820807,75
العملاء,0.0007430089672236779,282
الدفع,0.0007418582543461089,58
مشاعر,0.0007401306801925075,113
والمعدات,0.0007396019333720436,53
بالكامل,0.0007355906470835359,91
اوراق,0.0007349855049657701,700
للقروض,0.0007317228042861919,80
تعني,0.0007314500501986004,130
الموقعه,0.0007305267170354799,57
والنصف,0.0007303595150495369,68
حيث,0.0007299417481230474,3050
يؤدي,0.0007290113979159208,103
الموقع,0.000728743209639714,109
المصرفيه,0.0007280309230328743,251
تداولات,0.0007243791934273466,1957
بتروكيم,0.0007219111687502748,631
يشمل,0.0007168625065422309,71
مشروع,0.0007159696798238676,281
النصاب,0.0007150095792808648,80
توجه,0.0007146648207632389,81
لتحسين,0.0007105027952696215,65
المختصه,0.0007083590995090914,90
المساهم,0.0007039345253504927,56
البولي,0.0007015108258180443,82
جيده,0.0006974406607387994,65
موظفي,0.0006954784051398746,90
الانتهاء,0.0006951300270223777,161
سلمان,0.0006926530338209154,139
والسلع,0.0006922608107061967,50
وكان,0.000692145795246809,235
استمرار,0.0006920548189832931,178
فقد,0.0006917222350006973,578
المماثله,0.0006887351639786637,314
ساعه,0.0006881476276864238,89
لعدد,0.0006871852171288261,167
اشارت,0.0006854948367661662,59
مبني,0.0006838741256143955,153
تعتقد,0.0006797218390201218,51
بشكل,0.0006769765333588094,841
الابحاث,0.0006769477558152596,670
اكبر,0.0006756313278157392,558
تمام,0.0006754299818459566,89
وتضم,0.000674763478541226,53
تحويل,0.0006736876760567642,123
تبدا,0.0006716400442390626,173
دار,0.0006682003759932065,619
الاتفاقيه,0.0006681583278277439,196
فضلا,0.00066761769621575,67
والبتروكيماويات,0.0006659225807512504,110
ترتيب,0.0006658487374809818,51
وحول,0.000664548378932368,106
الاداء,0.0006640018120157939,845
التوكيلالتصويت,0.0006554794313695648,50
مهمه,0.0006532174248166418,52
جبسكو,0.000652293172765685,109
الانتاج,0.000651096653438375,258
تطورات,0.0006468695921369534,110
الاهداف,0.000642816519561322,70
الالماني,0.0006426840241038673,376
الفرز,0.0006425925468172668,50
عرض,0.000642131193420594,81
المجتمع,0.0006419752323462244,83
ايجابيا,0.0006419487334495893,58
التحول,0.0006419059304318735,168
الجبيل,0.0006399691799994,86
ادارتها,0.000638901417092991,54
عبدالله,0.0006379755776146472,262
شهريا,0.0006370736887256629,50
القدرات,0.0006369618489103563,54
الرغم,0.000636753601611232,128
مخصصات,0.0006355029504184769,216
مساهم,0.0006293896160837088,65
فيما,0.0006280784449093658,829
المزادالتغيرالمؤشر,0.0006276915888720876,432
الراسماليه,0.0006276569955663345,84
منصه,0.0006249797691264439,89
بنكا,0.0006249483228038858,167
يقارب,0.000624514542941211,73
وعليه,0.0006238700610580793,61
والتداول,0.0006225616722061895,1208
الشرقيه,0.000621054638286519,733
المبادرات,0.0006201401387165035,76
وتحقيق,0.0006188801672261199,120
فهد,0.0006185567316618936,120
جبل,0.000618339209647138,345
الفترهاجمالي,0.0006178911147677078,102
الادراج,0.0006176653689694082,479
منظومه,0.0006176444501473073,95
كما,0.0006169724435682442,3841
دمج,0.0006157136353476453,80
حساب,0.0006146092013432152,610
وسجلت,0.0006122466409304829,220
دبي,0.0006121287644466955,115
التدفقات,0.0006103367139423648,75
وتوفير,0.000608440539530548,81
والمكافات,0.0006063987352213566,83
وزن,0.0006039378572117169,72
ضروره,0.0006011337165369835,62
صحيه,0.0006003217965742486,50
الشهريه,0.0005992247124957051,209
الانترنت,0.000597937546109729,129
البلادالسعودي,0.0005955278598628397,147
المزادالتغيرالعربي,0.0005881654219948891,72
نمو,0.0005878307858826793,444
الصافيه,0.0005871797349842656,90
ناحيه,0.0005854742411177743,60
الانتاجيه,0.00058432443954382,156
التاريخيه,0.000582805515460898,83
المقترح,0.0005823820237189727,58
يساهم,0.0005813076303544109,55
باكثر,0.0005807666823913123,220
حصل,0.0005803579696587644,98
سنويه,0.0005772014227427838,133
انخفاضا,0.0005753763769420605,1874
عقود,0.0005753477149861643,174
تسجيلها,0.0005739797234358787,54
تمتلك,0.0005735724212582099,58
مواصله,0.0005729989672272822,83
عصرا,0.0005706561435596892,1002
للماده,0.0005685263263035192,65
اصل,0.000562119522384926,77
ليوم,0.000561936598992427,73
تقارير,0.0005615755581294674,2355
بمعدل,0.0005611924734537739,96
تغيير,0.0005586015298361084,227
للكيماويات,0.0005573677377520932,209
هيكله,0.0005567882137447454,57
الطلب,0.0005555005417092683,291
حصه,0.0005548680667484818,320
منتجاتها,0.0005539306857611197,59
المصنع,0.0005533204139978867,89
اعداد,0.000552685127630993,93
بحجم,0.0005511541475306701,444
اللقاء,0.0005489829520425586,58
المحدوده,0.0005475183594858795,85
نحو,0.0005471473191528129,2958
افتتحت,0.0005470049552249606,52
ادراج,0.0005461824209449999,181
عباره,0.0005452785006412136,57
راسها,0.0005426892608013575,65
واكد,0.0005417827723055269,196
المختلفه,0.0005398313577166742,111
الموظفين,0.0005398274431790978,140
المجموع,0.0005393427535863842,172
بالشكل,0.0005335159859057475,85
العلاقه,0.0005323129432902202,837
مرتفعه,0.0005285960815397853,306
رفعت,0.0005267010064401289,93
السعوديتمت,0.0005264280652013874,79
الجديده,0.0005251374954900345,311
وجود,0.0005248525411116461,674
الخاصهالشركهسعر,0.000524658895129769,635
غير,0.0005243560445667664,768
المملوكه,0.0005241347142341758,136
بتكلفه,0.0005225153745765879,62
اخوانالاسماكاملاك,0.0005223200170697855,78
اللياقهالعقاريهاكستراسيرا,0.0005223200170697855,78
السعوديهاللجين,0.0005223200170697855,78
القابضهحلواني,0.0005223200170697855,78
العثيمالحبيب,0.0005223200170697855,78
كامل,0.0005217641566804298,183
تسهيلات,0.0005201943907016827,73
نقطه,0.0005200949520131948,2048
مناطق,0.0005198405376468429,171
التجاري,0.0005178577532796855,1215
كانت,0.0005177864422178737,409
راسل,0.0005125628342524663,94
لشهر,0.0005111031683212234,93
طلب,0.000509871944969951,112
مجالات,0.0005084050985466049,120
الفعليه,0.0005051491435600636,52
خط,0.0005042138771706306,60
بالاغلاق,0.0005041259335694831,1476
سبق,0.0005022541311744966,97
تلقت,0.0005008695010475947,98
مختلفه,0.0004976836653766354,53
المال,0.000491524785318479,569
المجال,0.000489910903811876,94
دولارا,0.0004856850245354596,51
عاديه,0.0004848004908183129,498
اوروبا,0.00048262340540838514,50
للنمو,0.00048213090686548217,54
التكاليف,0.0004820743522289496,227
المذكور,0.00048201374670333463,684
فرعا,0.0004802562882537567,86
للتكرير,0.00047953705332779784,82
تضمنت,0.0004786972103860036,162
نشر,0.00047771597902065825,91
الممنوح,0.000476185726910885,53
باريبا,0.0004717264722953299,51
موجودات,0.000470636315833833,253
نجحت,0.0004701475135939936,54
قام,0.00046855174595939066,144
النظاميه,0.00046821617082058026,99
الخدمه,0.0004676331401690689,240
الملك,0.0004650587639093205,175
اطراف,0.00046490039960240837,50
سهما,0.0004645181189325873,134
عبدالعزيز,0.0004623674578494288,224
عدم,0.0004615015411029678,746
وعشر,0.00046110516089915154,435
الوقت,0.0004607983051244814,170
ونقل,0.00046019891174232794,78
توليد,0.0004593365563144186,57
للافراد,0.0004590409959618624,220
الموافقات,0.00045893151750047784,77
جده,0.00045728032496551577,79
الحلول,0.00045643265786852446,93
قوه,0.00045608246999700384,63
التغيريناير,0.0004544712540448801,208
تشمل,0.0004523142382419151,295
للشركه,0.00045091133402389683,677
التعديلات,0.00045078403790074024,51
ويوضح,0.0004503305465238293,465
لقاء,0.0004497449037583839,64
للمؤشرات,0.0004495850575212557,116
دولار,0.00044863405380191247,291
الوارده,0.0004485038953218249,51
الاسهم,0.0004454583341379852,2735
المراكز,0.00044535803698787834,422
كميه,0.0004436951748364677,750
يظهر,0.00044346282824493595,69
اهميه,0.00044315527774354743,70
طفيف,0.00044180601807438253,131
السعري,0.00044135226710708477,489
اعضاء,0.00044090932541771,190
المزادبعد,0.00043711612106826737,440
منهم,0.0004340100668756821,60
والاتصالات,0.00043277382814443824,58
وحسب,0.0004322645983245175,691
اجتماع,0.0004320369332476277,250
الرابط,0.00043106636331621595,95
وبحسب,0.0004288089894641295,857
الناتج,0.0004255162766492537,1575
ثانيا,0.0004224716781585202,102
كورونا,0.0004212414591635386,214
الكميه,0.0004196893641214882,75
ضوابط,0.00041870038185582494,669
تغير,0.00041839901146110763,146
بندتوضيحتاريخ,0.0004181258532822743,52
تاثرت,0.00041777124498814435,64
او,0.0004145483683029215,1812
ستقوم,0.0004127825156228798,118
اغلق,0.0004126383260566897,54
المستهدفه,0.0004125274351420858,62
الاعضاء,0.00041050565377051497,68
للتربيه,0.0004096089829998229,66
والمشاريع,0.0004082947013679685,67
جانب,0.00040730591132480474,238
وشهدت,0.000407255639506208,149
الاستهلاكيه,0.00040666345917387864,134
البنكاجمالي,0.0004040220939055978,78
تعيين,0.00040391133729780244,160
الاقل,0.0004032210422507259,173
شبكات,0.00040235316538728453,79
كيان,0.0004023176971103103,858
زكاه,0.0004017535268365893,53
انخفضت,0.0003996859221814201,355
انتشار,0.0003993495737888527,66
بكل,0.0003986561251688062,53
وتوقعات,0.0003978762886672376,54
احتساب,0.0003961369119328597,554
حينها,0.00039481327183013126,182
ممثله,0.0003943017128853088,53
يبين,0.00039326307697894257,2136
بمدينه,0.0003926233004667146,126
محطات,0.00039243707826497483,77
لمؤشر,0.00039010144640025634,205
لاعاده,0.00038950750503546547,75
توفر,0.00038893251653733584,75
الحكوميه,0.0003878215824933499,367
والتطوير,0.00038744058644064845,60
موبايلي,0.00038712204482718217,135
تداولا,0.00038627877598814705,99
الاسميه,0.00038482383019234966,55
للمملكه,0.00038035908811331545,68
عددا,0.0003800341092846896,130
منه,0.0003788054303624556,196
مؤشر,0.0003786894488072455,1025
احدي,0.00037465198189630525,177
عند,0.00037297072143064393,741
متراجعه,0.0003727632592403884,51
سواء,0.00037253515940872055,168
الصله,0.000370299535474001,71
لقطاع,0.00037022356799430435,264
استقرار,0.0003696555537997247,60
منتجات,0.00036920321067798436,268
الحالي,0.00036903592710324664,1142
المحليين,0.0003688529044825967,50
يليها,0.0003677356546746374,64
علما,0.0003664472064897265,157
تفاهم,0.0003663476018930168,118
للميثانول,0.0003661556392279968,62
طويله,0.0003640904870086874,172
عقد,0.00036305081847074443,275
ونتوقع,0.0003588328330454539,52
تجزئه,0.0003587186307825594,90
ويتضمن,0.00035868286456217807,72
عامي,0.00035467046346030997,100
فرصه,0.000354582867568705,86
الشكل,0.0003536925504328623,92
ماده,0.00035134947957449984,108
الاستثمار,0.00035085075103891464,559
وجنب,0.0003502415972030368,72
ذات,0.0003501503026474867,1175
ديسمبر,0.0003500786986679251,970
صعيد,0.00034804060868514914,255
واشار,0.00034756267270382124,272
اسم,0.00034658134405095184,220
الموجودات,0.0003449191090273034,187
الذي,0.0003446808051468433,2684
قيمته,0.00034465124120334665,51
الصندوق,0.00034233603099645204,78
وغير,0.0003406201472292265,78
اول,0.0003323682958769113,248
استحواذ,0.0003291026241480044,113
جلايكول,0.0003278412585455956,77
الربح,0.00032576049717549465,354
بحسب,0.0003231971597998877,223
للقطاعات,0.00032276622496045293,57
واداره,0.00032078441515501834,73
الفروع,0.0003203908167495347,113
لديها,0.0003200120284735395,123
المتوقع,0.000318762702441419,358
سبب,0.00031850774855869327,68
التوسع,0.0003176276358704169,85
لتمويل,0.00031720404527858944,63
وعدد,0.0003168585829758636,53
يبدا,0.00031575982502830174,112
الدريسوقت,0.0003154410197178525,68
المعلومات,0.00030814238286428576,339
الانظمه,0.00030660343277813095,136
الرصد,0.00030599128952558263,52
الجزيرهبنك,0.0003059038624341683,147
متوافقه,0.00030577516448950453,75
المتوقعه,0.0003055244237824551,154
كفاءه,0.0003053892063500533,175
الانشطه,0.00030430701050325324,75
تعتزم,0.00030084056022189126,61
هو,0.0002970448340938565,2247
ولاء,0.0002970406643780603,238
السائله,0.00029539849045569824,76
هي,0.0002946549558176314,909
وافق,0.00029429349781914116,50
الخطوه,0.0002939801402142182,95
اربعه,0.00029371882740017235,79
دقيقه,0.00029155768890210817,976
الازمه,0.00029015534884108986,68
الرسمي,0.000288074950260049,88
الترشيحات,0.00028639376415457395,63
والصحه,0.00028440369975853624,73
اللازمه,0.0002843838152352684,249
المتحده,0.0002832857538702887,429
المحققه,0.0002828490432612804,86
موعد,0.00028189197548707327,80
وعن,0.00028101618737309364,64
وقت,0.00028055028435194126,719
بنود,0.0002800733436384055,207
البتروكيماويه,0.00027939377807777914,63
تزيد,0.00027580013660092424,92
والتعليم,0.0002732159264088632,60
البريد,0.000269553047520416,119
العملياتالتغير,0.00026876909656769733,78
تفويض,0.00026828114921847594,56
وتهدف,0.00026793490915475864,66
البرنامج,0.0002652465839975215,100
جديدا,0.0002651913469165936,72
تؤثر,0.00026501628871570924,681
المماثل,0.0002647942489760373,267
تسبق,0.0002644070163333849,68
بالعام,0.0002626597219529701,144
بشهر,0.0002617118536228121,194
الشركهقبل,0.0002614168783887231,440
المستقبليه,0.00025898203443205583,172
مشتركه,0.00025880803843138196,66
لاجمالي,0.0002587952324578085,76
الخضري,0.0002569640412459732,51
بمبلغ,0.00025650081146406256,191
سعوديه,0.00025429787551865417,313
التكلفه,0.00025065725580022404,101
القطاعين,0.0002501660758347476,65
مايو,0.00024974797516565236,1217
مطلع,0.00024595670812131124,84
عندما,0.00024342406856147456,685
التنفيذيه,0.00024299459011181348,142
الاقفال,0.0002418915315668555,66
ويعتبر,0.000241766574132014,65
يتفق,0.00024145055420170277,672
لمصنع,0.00024103620249507016,96
مساء,0.0002405212493307595,1122
القابضهتكافل,0.00023920252585149564,117
للبتروكيماويات,0.00023823303161532854,373
المصرف,0.0002381995622086258,163
وتضمن,0.00023788359162293569,69
القطاعات,0.0002366733796314523,965
مورغان,0.00023649722205664126,253
جوده,0.00023339974110213842,102
بموجب,0.00023290252331050637,116
مرتبه,0.0002288793316701226,70
التقنيه,0.00022780813397641454,230
الشرق,0.0002257474681266352,159
تقدمها,0.0002242925524338068,56
تجاريه,0.00022367860068794984,75
سوف,0.0002234704774469404,180
ستتم,0.0002232674128157331,64
بالسعوديه,0.00022316022085923246,103
وبسعر,0.00022245187457550783,665
نائب,0.00022208270769050786,285
المجالات,0.00022207495017888488,65
القوي,0.00022039256444892724,86
يؤثر,0.00022011016088528055,51
جهه,0.00021945552719150846,132
منطقه,0.00021833253025394414,258
وصولا,0.00021823372094219274,73
المشتركه,0.00021801170684037957,105
تحول,0.00021590910958456904,130
الامريكيه,0.00021471549478446075,77
اندماج,0.0002136542497969506,112
المعايير,0.00021297309086732463,64
يوما,0.00021290672076867522,113
العدل,0.00021266737631710746,50
مشتر,0.00021154218093427315,662
الشراكه,0.00020985822614156107,95
بتنفيذ,0.00020957157674546435,65
لتنفيذ,0.00020934720009277013,86
الشركات,0.00020610376453982223,3595
يحقق,0.00020522264614790327,66
وقدره,0.0002033378254779804,62
الزراعيهمعادنساباسمنت,0.00020330485650929919,68
مخاطر,0.00020263283340164943,99
التغيرات,0.00020043669523379812,1930
القنوات,0.00020033119891659022,62
العادله,0.00019861470226521335,85
بنهايه,0.00019704100946459102,1060
بائع,0.00019657642002045538,661
ومستثمر,0.00019657642002045538,661
قيمتها,0.00019624146248855092,81
المتوسط,0.00019498807577382463,553
لتبلغ,0.00019367307032815395,227
الاضافيه,0.00019249694033193922,55
دقائق,0.00019243655337547927,1971
تعزيز,0.00019143458595044898,322
السكنيه,0.00019105527452990964,153
لما,0.00018606701550346558,106
الجوال,0.00018533664574080618,57
تاريخ,0.00018419371027262238,461
رئيسي,0.0001839752882807468,79
يتغير,0.00018232615985486645,54
الفرع,0.0001821009489504108,56
الخليجي,0.00018097771414268325,65
تحقيقها,0.00018055512024542993,201
واللوائح,0.000180240197797484,755
مجموع,0.00017947700617871682,121
متوقعه,0.00017849051865230823,164
سابقا,0.00017719443651484105,70
نموا,0.00017698221594558225,180
النتائج,0.0001761179259817192,227
البحرين,0.00017486352926167502,73
التداول,0.00017145770411557408,2592
وحققت,0.00017111230362175945,137
جديد,0.00016820734245389274,134
الماده,0.0001680572292954023,89
المباشره,0.00016719262379315386,73
الفترهصافي,0.00016272451682675397,93
الحاجه,0.00016152592259415196,65
والبالغه,0.00016018725243625758,129
جامعه,0.00015959164754280106,61
وتوقعت,0.00015759436153279133,303
والقواعد,0.00015630049550511405,672
ابراهيم,0.00015599098642332285,121
المصاريف,0.0001558566323178623,127
واوضحت,0.00015479747072981806,641
السعوديالتصنيعبترورابغسابك,0.00015371538487555687,58
الرياضكهرباء,0.00015371538487555687,58
الزراعيهالمعمر,0.00015371538487555687,58
المعلوماتالمصافيالتمويناسمنت,0.00015371538487555687,58
العالميهسيسكوالجوف,0.00015371538487555687,58
الحكيرالحمادياسمنت,0.00015371538487555687,58
الطبيهبتروكيمالمواساه,0.00015371538487555687,58
لمجموعه,0.00015156669644846997,108
وتحسن,0.0001492370129291013,82
جديدين,0.0001480321202551882,70
مصلحه,0.00014798315903146453,60
يو,0.00014782108525184009,50
المشاركين,0.0001456362790380004,66
البيع,0.00014490809500266593,2168
سلبا,0.00014417833297141277,52
الاسكان,0.00014272527657747028,50
تقنيه,0.000141774255212512,83
الاعتماد,0.00014171010420114795,55
المركز,0.00014062417438231672,211
توضح,0.00013833374812564683,65
الطبيه,0.00013741489272047695,84
واوضح,0.00013544589328815668,325
محل,0.00013514828473257015,58
نطاق,0.00013503284533531094,87
تطور,0.00013420372173333426,854
ومن,0.00013339883183912488,2399
جانبه,0.00013175495339628112,106
المرتبه,0.00013154606370882545,249
حوالي,0.00012867113499933502,136
تشكيل,0.00012847515032679788,62
وجلسه,0.00012692882040108035,1262
لهم,0.00012682158089073528,111
وما,0.00012628309469019783,215
بانه,0.00012493753355787097,79
لشركات,0.00012258671307779424,81
اوصي,0.00012086056550507525,67
والتقنيه,0.0001193336201056801,55
محدده,0.00011848053081421926,710
ستكون,0.00011804698237646296,106
العمليات,0.0001178261205581668,321
عمل,0.00011745487443747267,249
جهته,0.00011489237105507458,50
الفترهالفللالشققالاراضييناير,0.00010915817106,77
موثوقيه,0.00010760676077169129,59
للتجاره,0.0001042925249357127,52
ﺑ,0.00010302705030902214,50
مقدمي,9.937507043765373e-05,67
مؤشرات,9.857763021330047e-05,746
للرعايه,9.709145541678742e-05,165
بندتوضيحمقدمهيسر,9.360238921005422e-05,73
لقياس,9.280342821567775e-05,71
لبرنامج,9.273406563563248e-05,63
الكهربائيه,9.246467178130765e-05,268
المتخصصه,9.223812258236614e-05,113
السعوديهالمجموعه,9.137572191575906e-05,167
والاجراءات,9.123274621729543e-05,87
مملوكه,9.050034201406756e-05,56
الالتزام,9.036009135952698e-05,75
السعوديشهدت,9.022273734428497e-05,839
الهويه,8.940500267735487e-05,58
المرخص,8.720731053109233e-05,51
الافتتاح,8.503870984062224e-05,671
يتصدرها,8.319030447243683e-05,62
الحمادي,8.158394790128479e-05,412
حيال,8.072731097290926e-05,54
المعلنه,8.057636728002125e-05,91
المسجلين,7.952196423834008e-05,82
ابرامها,7.748158565826253e-05,92
تجاري,7.568497188793145e-05,53
العوائد,7.554817113043301e-05,76
والتنميه,7.460530669328169e-05,56
البياني,7.434688289658029e-05,69
الربحالتغير,7.421855391729563e-05,97
فرص,7.293073286430446e-05,156
حال,7.27213434338984e-05,718
يعود,7.257944722909731e-05,67
محمد,7.163353349730365e-05,330
بشركه,7.108268706191219e-05,57
الفترهمخصصات,6.850879808139761e-05,84
الائتمانالتغير,6.850879808139761e-05,84
رصدته,6.850879808139761e-05,84
البنوكQ,6.850879808139761e-05,84
تصدرت,6.452263004102261e-05,84
الشفافيه,6.150991703477622e-05,58
المشاركه,6.0229522411767764e-05,98
للوصول,5.978442191855089e-05,52
كابيتال,5.712118829240446e-05,367
التركيز,5.689381819640075e-05,93
وتداول,5.6418341839202806e-05,176
السابق,5.518381601215227e-05,1078
النقدي,5.3635943444045974e-05,102
ريال,4.949130006488568e-05,4518
مستقبلا,4.946999532949656e-05,53
الاستثمارات,4.941167222075622e-05,337
تحسن,4.867516273845599e-05,234
الصكوك,4.626090329345621e-05,102
ضريبه,4.601466917251574e-05,67
علاقه,4.252515088887299e-05,82
حسب,4.119870370265339e-05,667
شبكه,3.96367791346544e-05,99
مقدمتها,3.88130741888116e-05,167
البحث,3.8690557536733216e-05,51
وتراجعت,3.714789622213301e-05,51
نهائيه,3.674060464232706e-05,52
فتيحي,3.6425254613568135e-05,282
الخام,3.136773216932869e-05,115
السعر,3.118591175257523e-05,2787
المنافسه,2.9116473272862788e-05,101
اكتمال,2.7904812492956045e-05,134
تجاوزت,2.7901921727985084e-05,63
التحسن,2.782661027897434e-05,58
افتتاح,2.7751637043906978e-05,100
الايداع,2.7447676390161135e-05,100
للاتصالات,2.6300836004641418e-05,206
وبلغ,2.5966814494259488e-05,159
بينما,2.584957515883183e-05,404
المصافي,2.4789099906626435e-05,370
السندات,2.469261493109968e-05,72
ليس,2.405232218656991e-05,56
وهي,2.281061642412783e-05,271
بحضور,2.281055420153351e-05,108
ينبع,2.1651316439755485e-05,508
تحديات,2.100955632001383e-05,52
التابع,1.8145473322638963e-05,68
الاقتصاديه,1.648613985013893e-05,246
والقطاع,1.6176865494279465e-05,187
المزادالتغيراليانز,1.6042892127134038e-05,53
مبادره,1.5974039047619233e-05,153
وتقنيه,1.572967124063035e-05,204
اتش,1.548092735729332e-05,69
التغيرالموجودات,1.473783233632961e-05,102
وتقدم,1.2967520373157054e-05,55
ادوات,1.2267788734312834e-05,63
القطاع,1.1272658250253932e-05,748
ثالثا,1.0341128644300587e-05,65
والبنك,9.814091818573814e-06,81
اطار,7.894069650144167e-06,222
الفتره,5.441154232216324e-06,2807
اعلن,2.8161936631419333e-06,152
طريقه,2.656846387316317e-06,84
المستمره,1.924505235273408e-06,540
الاخري,1.8596527187648076e-06,313
لسهم,1.7419344850121734e-06,123
المرتبطه,7.808530786316335e-07,73
واداء,3.7173359949691457e-07,1539
تغطيه,-2.024843782753854e-07,80
وقال,-2.5654068838804087e-06,278
بحلول,-7.102575197141067e-06,73
للبنوك,-7.770511763316347e-06,381
ويعود,-8.036719089055493e-06,54
اعلاه,-8.535827304041375e-06,2008
خطط,-1.0157810541231102e-05,73
الوصول,-1.163783532576004e-05,106
مسقط,-1.2813091054598763e-05,53
منها,-1.3424364049998167e-05,447
جائحه,-1.422955815979612e-05,101
المتطوره,-1.4458331702108229e-05,225
ثلاث,-1.5512459880654987e-05,141
الكماليه,-1.6799217656244857e-05,93
ابوظبي,-1.711512642000687e-05,62
جزءا,-2.068381995486279e-05,79
متنوعه,-2.1382312037689886e-05,58
الجغرافي,-2.4163161535759164e-05,110
اكسا,-2.6082379286252706e-05,278
بالمنطقه,-2.7400468985836757e-05,51
تشكل,-2.7723711831885776e-05,101
الفترهالربع,-2.9834943581190344e-05,140
الصحه,-2.995537177281875e-05,107
منخفضه,-3.0855779647223804e-05,123
بدعم,-3.156997363009087e-05,100
ظروف,-3.47337023255365e-05,63
جاءت,-3.5632230418712675e-05,237
مباشر,-3.6829341694976664e-05,61
ص,-3.717913435598883e-05,56
البيانات,-3.957140001414005e-05,1058
نسخه,-4.0596503730576574e-05,169
الزميله,-4.1720803582300555e-05,60
الموارد,-4.1813930213368573e-05,82
الايجابيه,-4.201098711660933e-05,70
التجاريه,-4.260981522387268e-05,353
بذلك,-4.2937513903195076e-05,107
مبينه,-4.299958885072471e-05,324
لاكبر,-4.531602835555425e-05,51
الالبان,-4.684150262073112e-05,56
زين,-4.685249508239292e-05,522
تتمثل,-4.9309911012312895e-05,157
بوزن,-5.122463916457279e-05,82
مستوياتها,-5.1245488288317645e-05,70
مليار,-5.1612425566268457e-05,1627
قال,-5.6163850116108704e-05,359
العاديه,-5.679160954575873e-05,747
ملزمه,-5.7629059811907224e-05,67
البرامج,-5.817806976817057e-05,58
الحبيب,-5.853758657016066e-05,334
النسبه,-6.174091852127253e-05,124
صادرات,-6.290423111758132e-05,141
يهدف,-6.450360376803377e-05,77
الاستحواذ,-6.483923761616295e-05,149
حسبما,-6.553065571521953e-05,151
نتج,-6.571750792282315e-05,55
الاساسيه,-6.590890999919567e-05,506
ربع,-6.649952042478228e-05,125
باسعار,-6.709149076118793e-05,79
احتياجات,-6.910717472843823e-05,54
وتعزيز,-6.927271338239306e-05,182
انظمه,-7.035304058887477e-05,52
مكان,-7.080299352472685e-05,106
لليوم,-7.137732398090946e-05,1958
المزادالاغلاق,-7.163168850006864e-05,1516
فيكون,-7.176877862842932e-05,486
المزيد,-7.210155169555283e-05,1955
المالي,-7.246963028703681e-05,692
الشقق,-7.611491018504926e-05,86
الفلل,-7.611491018504926e-05,86
مؤخرا,-7.702853393480443e-05,164
مستثمر,-7.841005008395088e-05,681
لخدمات,-7.999619435942033e-05,90
لانشاء,-8.016172500475657e-05,65
وهذا,-8.06439842719164e-05,61
معدلات,-8.130848466875506e-05,160
المبادره,-8.14414893824838e-05,71
محدد,-8.308557457977208e-05,674
وارباح,-8.40692754277227e-05,77
ويتم,-8.570190655217324e-05,530
ارباحا,-8.584774100975659e-05,295
الاعتبار,-8.679654417298913e-05,78
البنكQ,-8.808291784480327e-05,78
مسح,-8.87481678199578e-05,164
اخذ,-8.908038804963243e-05,69
التعمير,-9.082871103915956e-05,307
النفط,-9.10817190349741e-05,186
شهدت,-9.29109836510144e-05,810
لحساب,-9.480400705161767e-05,504
جهودها,-9.54458848438226e-05,51
التنفيذي,-9.604554678345371e-05,505
رئيسا,-9.666847380040882e-05,64
انتاجيه,-9.806894789514363e-05,66
والاستثمارات,-9.819969483279247e-05,62
لرفع,-0.00010005600288915644,63
عددها,-0.00010161083895280524,53
بدءا,-0.00010164801010509325,70
عضو,-0.00010240194596989817,121
المنتدب,-0.0001025886463309009,56
الانضمام,-0.00010359991161047876,66
لديه,-0.00010414758667875413,67
استراتيجيتها,-0.00010470378646476966,59
استيفاء,-0.00010651700871237796,53
والاستفاده,-0.00010663180966510864,60
سبيل,-0.00010871587902061086,52
المزادالتغيرجدوي,-0.00011018273413619694,62
والقروض,-0.0001103344130215587,152
ريالعدد,-0.00011087619750730049,75
شارك,-0.00011320265140834589,56
محفظه,-0.00011328367138036467,126
يعزز,-0.0001142929060280518,56
ضد,-0.00011512162373132922,78
بنفس,-0.00011531992466923037,412
عوائد,-0.00011564675404588255,122
ويكون,-0.00011828552241257762,1983
الديون,-0.00012048662521709282,110
التسهيلات,-0.0001215200099707735,91
المزادالتغيربوبا,-0.0001234687660110298,110
العمران,-0.00012646598986016194,119
يتم,-0.00012764760356838973,2844
نسبه,-0.0001281379856071507,740
زياده,-0.00012872373660504353,1489
انخفض,-0.0001293783832154241,222
والتي,-0.00013059068012888033,910
الحاليه,-0.00013164197046381835,265
لكافه,-0.0001319383194660891,61
مستويات,-0.00013417538259458302,165
بينها,-0.00013682979508273353,95
الاراضي,-0.00013693586090282397,116
والافراد,-0.000139018533825309,110
لتكون,-0.0001428081534175212,61
عده,-0.00014608422921627665,262
المستجد,-0.00014675074603513605,66
اجراءات,-0.00014804962905604128,161
ذكرت,-0.00014805876596988654,92
البنكين,-0.0001484983297961225,59
لائحه,-0.00014943241959402686,51
بنسب,-0.00015026018117121154,159
به,-0.00015079490503496748,193
يتعلق,-0.0001512764002739367,131
اكد,-0.0001523426001475559,110
المحفظه,-0.00015268399737896086,61
المحدده,-0.0001568204002610438,89
التقدم,-0.00015795593196453749,55
التزام,-0.00015981018722694494,72
وتمت,-0.0001609160206891116,81
قياديه,-0.00016400564810231666,63
وتحويل,-0.00016443023607581517,58
المخصصات,-0.0001649902004885973,205
الاداريه,-0.00016570746083369715,68
استثمارات,-0.00016619809377337776,288
بسوق,-0.0001666742883333015,84
والبيانات,-0.0001671993230687602,80
اهمها,-0.0001692369943688992,95
تاتي,-0.00016959962415074984,2065
التاريخ,-0.00017006173233251448,62
المحافظه,-0.00017127968778514306,60
قابله,-0.00017267086038892836,64
لاي,-0.00017550394920977353,83
ساهمت,-0.00017625332839868704,73
Q,-0.00017647982131804968,85
بالداخل,-0.000176490091079119,110
مضيفا,-0.00017649056997290206,70
وقع,-0.00017783329443953402,71
الجيده,-0.00017790273998990176,72
التمويل,-0.00017822575348079326,542
مالي,-0.0001784944412225465,83
المتبعه,-0.00018113637376406262,75
برصد,-0.00018118753684379286,51
المتعلقه,-0.0001816637491741096,191
مدعومه,-0.0001831695871877384,56
المتداوله,-0.0001832102407446624,2078
ومكافات,-0.00018358253826214124,51
المقرر,-0.0001848605561613724,101
تسهم,-0.00018621864993258517,79
الالياف,-0.00018653403803874072,51
ينبعاسمنت,-0.0001868611994025363,138
اليمامهاسمنت,-0.0001868611994025363,138
الدواجن,-0.00019231495715892982,73
مليارات,-0.0001928528181536607,274
وكاله,-0.00019416716192537673,179
علاقات,-0.0001951342150175983,75
اللوجستيه,-0.00019726870011532,62
دوره,-0.00019755485870819216,73
مقر,-0.00019958940051034496,88
اوامر,-0.00020155938359862297,1954
لضمان,-0.00020335965687042398,86
ادي,-0.00020376855535953102,1536
العادل,-0.00020661815770928733,1945
الفخاريه,-0.00020834777808774086,209
الجمعيه,-0.00020891652123546719,322
نظره,-0.0002105358508314438,199
مبتكره,-0.00021232386137233586,58
وبناء,-0.00021382639453242756,123
الائتماني,-0.0002156123633852132,114
تتوقع,-0.00021625699467476764,73
خاص,-0.00021629392586532202,70
ويعد,-0.00021654101376509887,119
استحوذ,-0.00021802120851533954,71
والثانيه,-0.00021850369449665115,71
لبنك,-0.00021947808340587574,57
السعوديهمصرف,-0.00022095362868582752,98
الجنوبيهالشرق,-0.00022095362868582752,98
وتقديم,-0.00022115182758105,98
بيان,-0.00022163645405795515,734
وصل,-0.00022187153084736114,52
الكويت,-0.00022291518137510348,65
المناطق,-0.0002241652795323929,112
واحد,-0.00022587414751272134,173
يلي,-0.00022655963783610686,3122
والابتكار,-0.0002267390930162901,61
استفاده,-0.0002286920292593845,88
للمشروع,-0.00022913201861242562,54
رسوم,-0.00022922148293107682,100
ومقارنه,-0.00022932257656127684,119
المقدم,-0.00023139776379480713,127
يعد,-0.0002317767781923077,853
النمو,-0.00023365918784310264,314
مليون,-0.00023442074925993583,3633
ريالا,-0.00023587488071097232,323
عائد,-0.00023661346969998224,72
ستانلي,-0.0002375811735970296,219
سعوديهاظهرت,-0.00023895709510510945,59
افريقيا,-0.00023933713186921238,57
القصيم,-0.00024067201738301974,533
تصدر,-0.00024108806799021551,162
صاحب,-0.00024270373970716353,93
سعودي,-0.00024296922884015426,162
بايجاد,-0.00024361368701497852,1943
محليا,-0.0002456255633699698,61
المساهمه,-0.00024710053899424197,166
متقدمه,-0.00024832366583246094,50
العقاري,-0.00024881184388475086,232
وتبقي,-0.0002494237895724357,55
وادي,-0.0002547994104522278,456
التنافسيه,-0.0002553385740730422,78
التوزيع,-0.0002559723547174723,211
لم,-0.0002563248364232423,365
توصيتها,-0.0002568856261340759,247
النطاق,-0.00025769838629675516,71
الحضور,-0.00026058961112370154,128
الاخيره,-0.0002626445866114046,159
المرشحين,-0.00026554268305129593,72
مؤتمر,-0.00026612156468406304,64
الحسابات,-0.0002676509904661206,93
البدء,-0.0002678835039969158,95
بالنسبه,-0.0002683854525129271,74
بيئه,-0.00026866796555395054,101
الاوامر,-0.0002697631260641775,2502
العوامل,-0.0002701224752866564,72
الرياضسامباالتموينسافكومعادنسابكساباسمنت,-0.0002709017455956632,59
السعوديهكهرباء,-0.0002709017455956632,59
بنقطه,-0.0002710954650925389,55
رقم,-0.0002711664593760718,144
مجانا,-0.0002718664335042524,81
التداولات,-0.0002736566742196843,2031
مصانع,-0.00027546425951391795,85
مقارنه,-0.000276530229168944,3075
القيام,-0.00027755809023564547,56
بقاء,-0.00027756174106104907,51
والتصنيعساكواسمنت,-0.0002776893147748666,137
نجراننادكرعايهاسمنت,-0.0002776893147748666,137
للضيافهاسمنت,-0.0002776893147748666,137
الصحيهالغاز,-0.0002776893147748666,137
السعوديهسدافكوالدوائيهسابتكواسمنت,-0.0002776893147748666,137
السعوديهفواز,-0.0002776893147748666,137
للتعميرعسيراسمنت,-0.0002776893147748666,137
الشماليهالخزفالكيميائيه,-0.0002776893147748666,137
الشرقيههرفياسمنت,-0.0002776893147748666,137
المدينهدلهدور,-0.0002776893147748666,137
الراجحيالابحاث,-0.0002776893147748666,137
العربيهالرياض,-0.0002776893147748666,137
شملت,-0.0002779336543875461,58
تؤكد,-0.00027887208863479123,72
الايجابي,-0.00027989502621213663,54
المزاد,-0.0002821574455400243,1961
الجديد,-0.00028220810642741895,256
بل,-0.00028225879020640315,62
النقديه,-0.00028290520350776214,345
وخدمات,-0.0002835092969854453,72
اقصي,-0.0002854661793170888,85
بالقطاع,-0.0002859510552154643,114
بارتفاع,-0.00028845744390146685,343
الاوسط,-0.00028891311798574066,319
جاء,-0.0002895233526181716,429
مقدمه,-0.0002913698471974093,96
قاعده,-0.0002915803455703951,79
مجلس,-0.00029380183743847566,817
تنفيذها,-0.00029538484707373916,708
تدريجي,-0.00029795541499155217,66
الاجتماع,-0.000300114080397689,196
الامن,-0.00030045568971162335,72
المرفق,-0.0003027969546070324,69
ونمو,-0.00030405031602986275,1526
صندوق,-0.00030480329365456895,234
الفترهالقيمهالتغير,-0.0003092120756909449,141
فروع,-0.00030956595804750844,174
وادناه,-0.00031080987606741804,157
ويشار,-0.0003156315176028921,1323
الصادر,-0.0003168407783732274,66
الامونيا,-0.00031922882079217486,56
والاستثمار,-0.0003196130111286691,71
واضاف,-0.0003196630801578131,348
حده,-0.0003212983560471609,79
ساسكو,-0.0003222371599571439,75
البريطاني,-0.0003230805053744607,229
جدير,-0.0003231874299196405,75
تحصلت,-0.0003234142923104248,51
المكافات,-0.0003246062932847392,51
تحت,-0.00032463596176762185,285
تتوافق,-0.00032486060991938,671
بالبنوك,-0.0003255471470730451,107
الشهرييناير,-0.0003258216083417878,135
وزير,-0.0003291804716557524,126
الصناعات,-0.0003321418626332798,188
اعلنت,-0.0003324944604355399,925
رابط,-0.0003340141933106778,63
الكميات,-0.0003348202631206712,78
يعتبر,-0.0003350024354931297,67
منصب,-0.00033632476649165816,63
خطوتين,-0.0003373617677201762,59
ولمده,-0.00033787652141041146,64
يبلغ,-0.00033840935936899373,139
عملياتها,-0.00033898879763852736,52
تهدف,-0.0003395784840178907,162
التصنيف,-0.00033998073500372686,61
والسعر,-0.00034118814499680365,1947
تعاون,-0.00034131888907854317,63
لحجم,-0.0003415705840407585,481
يزيد,-0.0003422699146468642,65
طوكيو,-0.0003459575721329169,263
صالح,-0.0003488056593693903,148
لتقديم,-0.00035120656676647784,189
المصانع,-0.00035333374415943026,107
الخامسه,-0.0003540211154913464,68
حين,-0.00035527360204775434,370
خادم,-0.0003558789512707181,109
ايثيلين,-0.00035621638026093436,58
الحجم,-0.0003566399723864349,120
ادخال,-0.0003568430640774727,1951
تنظيم,-0.000356976451237068,67
وبنسبه,-0.0003571313373589917,247
والشركات,-0.00035811355196376676,175
لتصل,-0.000358455558624304,667
الرسم,-0.0003589159205436736,72
المقارن,-0.00035916441038804715,129
عنه,-0.00035918924661356994,119
ناصر,-0.0003610113926033533,97
ثلاثه,-0.00036184050004212245,115
يوضح,-0.00036212132394433286,3046
البنكالربع,-0.00036230149498562116,51
مستقبل,-0.00036297567113594307,56
مؤكدا,-0.0003636591712184167,116
اذ,-0.0003642519888587416,347
التنفيذ,-0.0003658112420514932,1978
لنظام,-0.0003661431410208902,57
الامر,-0.0003673224576608952,116
وذكر,-0.0003699428748190631,52
النهائيالتغيرالمؤشر,-0.0003709697123898615,1516
وارتفع,-0.00037372138544897594,86
للهيئه,-0.00037430790163900135,58
المنخفضه,-0.00037508637729433207,344
لصالح,-0.0003760489893604772,83
توزيعاتها,-0.00037805224130287593,52
لمعايير,-0.0003811527547168427,52
الاعلان,-0.00038155775289797365,335
النقل,-0.00038462758630892807,340
العمليه,-0.0003871252176863284,53
الهوامش,-0.0003873935060814359,54
الائتمان,-0.00038968916124588625,230
عنده,-0.0003916014078203114,1941
سابق,-0.00039277523928726323,56
للاستحواذ,-0.0003931767815685404,56
الشريفين,-0.00039344637934195855,114
الايام,-0.0003938130508800415,51
مطابقتها,-0.00039451999916843134,1941
رغم,-0.00039847098492425814,63
ثالث,-0.00039929372211909477,50
وعد,-0.0003997497159029353,51
الخزينه,-0.0004009863421408649,198
المحليه,-0.00040163511902251137,262
لعملائها,-0.00040172444921662246,68
ويتضح,-0.0004027503591370757,1952
تخصيص,-0.0004047547924595055,59
النهائي,-0.00040574536676617716,1996
المزادالسعر,-0.00040585846461337435,1339
نسبته,-0.0004066201596369471,70
تحوله,-0.00040750324044929576,119
بتطبيق,-0.0004081860109738537,63
ياتي,-0.0004084833338621108,204
انشطه,-0.000410425033705473,54
لمختلف,-0.00041060048687676184,61
والبالغ,-0.00041067455713666594,54
جهود,-0.0004132372688735697,108
حينه,-0.00041565544400709966,82
نجاح,-0.00041592263309485106,56
شهر,-0.00041608777023795186,662
المبتكره,-0.00041630929743760597,53
والربع,-0.0004164251347269415,54
الرئيس,-0.00041656394528419446,564
باسم,-0.00041826228081635327,96
تصنيفها,-0.0004197071058874458,64
شروط,-0.0004205821293538632,100
التمويلات,-0.0004211171155448214,113
ه,-0.0004216334187784177,269
سينعكس,-0.00042458294511307456,60
والصكوك,-0.0004258961448328672,53
لشراء,-0.0004263313212911148,59
والجدول,-0.00042646593710123277,233
استراتيجيه,-0.0004298590155113017,231
بمراجعتها,-0.00043025380095548923,64
ونسبه,-0.0004331133102096044,95
للطاقه,-0.00043425130442407094,80
الممارسات,-0.00043645312337016993,59
بحيث,-0.0004407199722199291,737
والشراء,-0.0004413893718409307,1950
واستقرت,-0.0004415760149324876,55
اجمالي,-0.00044160987058971667,1423
خلالها,-0.000446055439055915,90
الدوله,-0.00044810631998716896,70
مستوي,-0.00045388461191612524,486
المرجعي,-0.0004549700145782798,1942
الحكيرالحماديالمواساهاسمنت,-0.00045522754690316067,79
عليها,-0.00045627727497702763,317
التعامل,-0.0004564726706551901,69
للعام,-0.0004567918454997418,186
ضمان,-0.0004569502329656032,97
يقوم,-0.00046000631718328544,2012
والثالث,-0.0004630952465793911,76
وتكاليف,-0.0004639687143650826,51
ساب,-0.00046401521463452854,2048
وتطبيق,-0.0004642455345824439,56
مصر,-0.0004643293249096123,56
هامش,-0.00046472249441247953,214
والتوعيه,-0.0004649565089201998,51
للاكتتاب,-0.00046582685124672797,69
دورها,-0.0004675499119337889,63
اوصت,-0.00046881647063889926,73
الاساسي,-0.0004691837716159392,121
معها,-0.00047032436844105213,56
انابيب,-0.0004731979828547785,285
والقطاعات,-0.0004735067334913965,53
الشركهالاغلاق,-0.00047455809627883503,71
العقد,-0.0004747396026559903,85
التفاصيل,-0.00047478672997591586,131
وشركات,-0.0004748805654543005,125
بمؤشر,-0.00047523765780977696,65
لفحص,-0.0004775157266810621,51
شهد,-0.0004784836728576945,146
قررت,-0.00047932631396599206,106
فيروس,-0.00048015946360977055,90
الانباء,-0.00048270769627966145,79
هيئه,-0.0004830197447938645,1032
ونبقي,-0.00048306347234507694,69
دعم,-0.0004831651631346315,327
وترصد,-0.0004908187093357074,1944
السمو,-0.0004920217334276315,91
للمنشات,-0.0004923707921423345,74
التعدين,-0.0004932598315299145,157
التغطيه,-0.0004935360936298705,87
بزياده,-0.000497024669979799,259
وقطاع,-0.0004980182012298549,55
جوهريه,-0.0004989488035090992,86
تكاليف,-0.0005014913291556121,224
مصاريف,-0.0005025208352443623,98
الغذائيه,-0.0005088479804743502,118
العضو,-0.000509252496479112,85
لمده,-0.0005097771640856602,581
المستحقه,-0.000512566099510081,80
للتغير,-0.000515117065211432,1674
الامارات,-0.0005156231661942735,83
الاقتصاد,-0.0005159368366291515,227
تنافسيه,-0.0005160885519091133,60
بنكي,-0.0005169131401764546,56
بدجت,-0.0005175882369744773,504
مشاركه,-0.0005176893356395483,238
وكذا,-0.0005192184639242795,1944
اثناء,-0.000520488015372489,474
ترتفع,-0.0005209119917321299,61
الشركتين,-0.0005214948044991635,53
مبادرات,-0.0005215614178271125,80
ابن,-0.0005233712003686847,64
للرقابه,-0.0005242616401434175,50
توطين,-0.0005254646030459747,78
يشهد,-0.0005272524887132041,87
الوزراء,-0.0005281711331367882,59
انخفاض,-0.0005295532225466176,472
اتصالات,-0.0005341272316371725,925
السلع,-0.0005366965136659036,211
عشره,-0.0005392915659114721,97
المستثمرون,-0.0005404835640905902,1553
صافي,-0.0005407213632305635,606
وتاتي,-0.0005408037119644625,59
خالد,-0.0005410003721717069,183
حديث,-0.0005411479937324519,69
نساند,-0.0005416034450340034,54
يسهم,-0.0005420523229786579,72
حجم,-0.0005432059875025422,2348
الف,-0.000545161397831303,1178
يشتمل,-0.000545293381579366,61
الفرق,-0.0005466799275974734,1978
والثاني,-0.0005471012292990287,57
ومجموعه,-0.0005480397948250458,70
بنيان,-0.0005528084847014492,50
بهدف,-0.000553364017410319,287
المالكين,-0.0005534158669264686,51
لانتاج,-0.0005539292480257308,109
التالي,-0.0005551474654420338,3164
الصناعي,-0.0005560246744020372,162
امير,-0.0005580230279675647,55
ينساب,-0.0005587961087812281,1437
المستمر,-0.0005591826572088783,1993
والبنوك,-0.0005594743956299045,70
وقامت,-0.0005616456426534233,114
يضمها,-0.0005637108712162214,140
اللجان,-0.0005656771359184363,63
نوفمبر,-0.0005665470855039487,786
الاغلاقين,-0.0005672884830193636,1942
تجربه,-0.0005679132093858669,64
الشهر,-0.0005679583998724759,156
ومخاطر,-0.000567973439413178,50
لمجلس,-0.0005681735733218024,61
بالاقفال,-0.0005684895382312487,353
توسيع,-0.0005689756799132333,57
اصدارات,-0.0005717509745381808,51
لنتائج,-0.000573045881835304,112
يعلن,-0.000573245704687995,101
وتدقيق,-0.0005735956701322089,52
الاطلاع,-0.0005743638220983413,82
مذكره,-0.000575886955768567,121
بالشركات,-0.0005774256673143185,80
شركتي,-0.0005776125780961286,62
مستمره,-0.0005780822796382549,58
بين,-0.0005788397280721079,2844
حد,-0.0005795116294746415,60
سرعه,-0.0005798299269829579,67
بوابه,-0.0005832373847963407,91
التشغيل,-0.0005865400723917388,239
للبنك,-0.0005867824272707135,220
اليومي,-0.0005867976055275516,1947
وشركه,-0.0005879642351893933,314
العديد,-0.0005885612999925616,188
القادمه,-0.0005886797345077472,216
والاغلاق,-0.0005919939411002285,1944
وارجعت,-0.0005949855571899281,53
الفائده,-0.0005985900187457917,230
الماضي,-0.0005989001352265239,1455
للمستثمرين,-0.0006003479769784346,1997
خطوه,-0.0006035245782584321,57
وعدم,-0.0006040757693623062,69
يزال,-0.0006044847226033467,53
تنويع,-0.0006056497437740687,56
الخسائر,-0.0006070679344127041,70
مشيرا,-0.0006077430123442251,188
ويتمكن,-0.0006081583708390655,1501
اتفاقيات,-0.0006093336377555538,83
المخاطره,-0.0006094689592572289,52
ولكن,-0.0006095413618111451,57
الموزعه,-0.0006104668802017772,97
مواقع,-0.0006106131965764577,51
بالحياد,-0.0006109473849209656,236
والدخل,-0.0006124018750773151,67
المبالغ,-0.0006138781957549452,60
لعشر,-0.000616281988305717,1502
وافقت,-0.0006164263023981411,89
رمضان,-0.000616481247098768,55
قدرات,-0.0006187757515030319,59
نفسها,-0.0006188600650114206,223
sa,-0.0006193621005955828,140
المعذر,-0.0006203778526890791,97
موافقه,-0.0006210282844442002,140
لتطور,-0.000621169835014639,120
باستثناء,-0.0006227917781435053,167
مركز,-0.0006237662695245498,258
عموميه,-0.0006247162208188948,97
المستقبل,-0.0006294029413371062,95
المزادالتغيرينساب,-0.0006323778948552562,51
وبالنسبه,-0.0006331238287491747,58
وحتي,-0.0006346983367846395,199
الدوره,-0.0006372978671475454,61
فان,-0.0006386133704071993,894
مزاد,-0.0006400128856262209,1969
يمكن,-0.0006401711234804528,2140
الصفقات,-0.0006404286588163198,2493
الملكي,-0.0006424029674988418,129
بطاقه,-0.0006446019479421698,71
زادت,-0.0006456708606973718,70
وتطوير,-0.0006461118151301803,185
الايثيلين,-0.0006482861004750434,53
ايجابي,-0.0006532317421999881,107
توصيات,-0.0006546434682315377,83
وبزياده,-0.0006552524903625427,50
لهذا,-0.0006574569157553656,131
الاشاره,-0.0006576732967029791,79
الرعايه,-0.0006587358552358297,121
بازل,-0.0006595962537150557,52
الاتصال,-0.0006612948332733812,135
يتوقع,-0.0006622241407641222,90
وبعد,-0.0006636461099378298,57
لارباح,-0.0006649333165553819,59
النظر,-0.0006680291958583161,55
والعمل,-0.0006688693133744247,66
المشتركين,-0.0006696777107356841,145
بدات,-0.0006707858841799005,548
الساده,-0.0006718021809258508,68
بالرياض,-0.0006734287139630226,79
الاعلام,-0.0006739992386618956,63
قبل,-0.0006754674096567401,2449
الخمس,-0.0006766785582907749,51
رائده,-0.0006770296989755977,53
الربع,-0.0006776652353270114,1139
تعتبر,-0.0006780658457262494,71
وفي,-0.0006786542001498717,957
انشاء,-0.0006798990505200591,153
الهيئه,-0.0006813826395775463,257
تنفيذ,-0.0006820480144067286,2213
اوضح,-0.000682980782044021,85
الطرح,-0.0006846882838684228,77
واظهر,-0.0006885843532413793,53
ومع,-0.000689163363207562,52
دخل,-0.0006892913361987424,316
والرابع,-0.000690317867525858,53
فيه,-0.0006947940066211893,186
حائل,-0.0006953516150458504,246
ريالالنسبه,-0.000696946958414957,55
تستهدف,-0.0006981955529605957,55
فترتا,-0.0007007287133707222,1170
بالفتره,-0.0007007557779529622,268
المزادالتغيرمجموعه,-0.0007008289592254374,117
الاجانب,-0.0007008556308456455,55
اهداف,-0.000703213050178214,165
القطاعالوزنالماليه,-0.0007036917132987216,52
بناء,-0.0007049963838844333,918
الناتجه,-0.0007057300463060679,63
تعمل,-0.0007057320746129412,222
المحلي,-0.0007068077789410489,259
بتقديم,-0.0007083007370219237,61
صغير,-0.0007103286431947583,50
تمكين,-0.0007135938161330092,114
السنويه,-0.0007147913939337403,290
الغرف,-0.0007154458179146753,66
وقد,-0.0007162200129633471,275
عوامل,-0.0007211327781057695,69
الحدود,-0.0007229388858851327,66
خدمات,-0.0007261072248194849,554
سياسه,-0.000730596834824889,124
المبقاه,-0.0007313501576733192,55
السابقه,-0.0007363052629768062,194
تماما,-0.0007365922238241418,1953
مع,-0.0007375714521799384,2392
المؤشر,-0.0007381781720238431,2180
حلول,-0.0007389861159098174,111
يومي,-0.0007393624192551242,1660
مقدم,-0.0007397802903273193,80
المراعي,-0.0007419885608251889,1370
الحصول,-0.0007426435112923908,178
تحفيز,-0.00074332196002261,56
سلامه,-0.0007433822854762931,297
خفض,-0.0007453815613020461,101
عليه,-0.0007465902878947004,187
اكسيد,-0.0007466007802588234,55
حاليا,-0.0007524656372439179,223
تماشيا,-0.0007524867150966051,61
القانوني,-0.0007529740278546807,59
البالغ,-0.0007530519895193115,193
الاول,-0.0007576005582087389,1502
وبلغت,-0.0007585994894906816,393
لن,-0.000760199860121895,102
وتحديد,-0.0007603668931597827,84
مرتفعا,-0.0007627187785612552,73
متفاوته,-0.0007655558123880406,84
عبدالرحمن,-0.0007685228885825543,114
التقرير,-0.0007711721960929888,2086
الواحد,-0.0007730488841420081,192
الوزاره,-0.0007748768178871458,63
مراجعه,-0.0007750324160671128,67
الي,-0.0007759039752309526,4314
باقي,-0.0007762227971168078,54
المزادالتغيرالرياض,-0.0007775182547446131,57
الشركهالربع,-0.0007789049519764306,84
المتوفره,-0.0007789670032877484,341
ترفع,-0.0007794269802650667,140
الفارق,-0.0007796167032161802,1952
والارباح,-0.0007822692573194483,71
يضم,-0.0007847853935087783,105
بالذكر,-0.0007867943216879343,127
بهذه,-0.000787089709110294,72
تفاصيل,-0.0007883554801313442,1199
تقنيات,-0.0007886990860980046,68
احدث,-0.0007887282735603222,64
تقريبا,-0.0007889097253975734,55
الذين,-0.0007902341397569323,141
المقابل,-0.000793887055810865,431
شمس,-0.0007946791218963214,267
بتراجع,-0.0007970708776107967,53
اصدرت,-0.0007976012086326381,100
الجماعي,-0.0008009490959604737,239
بشان,-0.0008020347675002302,121
العمولات,-0.0008020556324774052,60
السكني,-0.0008023834649116666,146
للدوره,-0.0008039903433421941,63
تطبيقه,-0.0008060206895619774,53
وسجل,-0.0008074038574315363,119
المزادالتغيرالسعودي,-0.0008095313209177796,164
للعملاء,-0.0008102299472875595,66
فالكم,-0.0008116123737871494,85
بالشركه,-0.0008129422371265371,102
الاصول,-0.0008149436837343773,128
وارتفاع,-0.0008157546630187977,208
مواد,-0.0008169518413064152,126
شاكر,-0.0008200085786134701,306
تعد,-0.0008210376056685582,230
اطلاق,-0.0008237417452313329,138
ايام,-0.0008249631784820765,78
التجاريالتصنيعبترورابغبنك,-0.0008251309020951711,79
دخول,-0.0008283682547186526,135
اذا,-0.000829164726615158,166
باعمال,-0.0008305227493073317,74
سيكون,-0.0008307259271983418,245
وعشرين,-0.0008312101763799664,1474
بالرغم,-0.0008345999560006156,60
للصناعات,-0.000836938315367801,362
العاده,-0.0008397823995988702,68
STC,-0.0008398991335845861,84
تمثل,-0.0008409939635150718,217
اعتماد,-0.0008464825747682006,55
الجاري,-0.0008484998410807725,519
وكذلك,-0.0008521776146175341,254
العام,-0.0008527696081460195,1626
الربعيه,-0.0008532851151707211,123
المنعقد,-0.000856490640238721,53
الحكير,-0.0008571719354082313,736
البلاد,-0.0008581685537562634,1143
والمؤسسات,-0.0008587155859920139,228
يمثل,-0.0008588973226792244,160
تطوير,-0.0008597001132661091,354
وفا,-0.0008647083676889352,94
التعاونيه,-0.0008676615073432071,1168
الولايات,-0.000868977339257817,64
هذه,-0.0008743021104227239,2663
وتمتد,-0.0008755719324381894,1507
حتي,-0.0008776946371352953,379
كبيرا,-0.0008788424126292798,57
عقدا,-0.0008795970372809627,67
ورئيس,-0.0008826481299099872,71
استهلاك,-0.0008896533875192523,83
فندق,-0.0008909499159420113,58
خصوصا,-0.0008930433164583944,54
الكبري,-0.0008945664552376033,103
ومنذ,-0.0008955391755449549,62
لاداره,-0.0008984900045280157,50
البنك,-0.0009067276907798773,1019
ﺒ,-0.0009070355368442717,96
توصيتنا,-0.0009088649315043965,79
مدرجه,-0.0009107903382577513,250
المنوره,-0.0009121591402821397,91
مراكز,-0.000912162738171971,84
بواقع,-0.0009159305412320396,117
الكهرباء,-0.0009198643698464144,220
فتح,-0.0009218678879305412,106
العثيم,-0.000922344330137234,614
اللطيف,-0.0009233282606944122,73
سليمان,-0.0009237804571963232,457
التطورات,-0.0009260444467230036,54
يجب,-0.000926570324966551,66
قدرها,-0.0009268559434058514,642
ابرام,-0.000927170864713585,51
الكفاءه,-0.0009280426592729962,119
مبالغ,-0.0009289965795248636,57
اجماليه,-0.0009291372938470126,2052
سيرا,-0.000929325069498068,327
المقبله,-0.0009315084193791958,125
صدور,-0.0009332542347215155,57
المشاريع,-0.0009368902647343476,250
المدينه,-0.0009370532884067115,541
الكبيرهالشركهالسعر,-0.0009389728105759453,73
لاعضاء,-0.0009429294836778625,57
الاستراتيجي,-0.0009465109398339563,60
الفوسفات,-0.0009469072544575444,62
اجرته,-0.0009504454294330948,91
لتعزيز,-0.000953352139627898,135
القرار,-0.0009568716148872997,69
تاثر,-0.0009574151759747973,65
مستهدف,-0.0009577339565447712,112
سندات,-0.0009595498275970863,163
تقرير,-0.000959847459308235,273
وضع,-0.0009610859461026589,183
الاستاذ,-0.0009635998509872324,258
المطلوبه,-0.0009649505773461075,93
تي,-0.0009663438059617371,880
الصيني,-0.0009676254121209689,55
التشغيليه,-0.0009690051074111402,390
يتضمن,-0.000969346421232748,72
وقعت,-0.0009703990775461335,244
نوعيه,-0.0009722993431068936,84
اجل,-0.0009741861459123054,89
والمتوسطه,-0.0009782699016824378,156
التوقعات,-0.000982383919659111,174
بالتعاون,-0.0009878807339926236,103
الرابعالربع,-0.0009906641846519234,114
اعمال,-0.0009908191483720024,418
الدولي,-0.0009911920495779133,160
للسنه,-0.0009942100667598506,77
تحسنت,-0.0009949566899771967,54
للتامينات,-0.000998681680293262,69
التقنيات,-0.0010002407853028715,109
الفوسفاتيه,-0.001005805970631783,59
تضمن,-0.0010067039071433512,80
لتغييراتها,-0.0010073497691814922,53
بخسائر,-0.0010084326491785597,56
القياسي,-0.0010089219182869008,123
وفتره,-0.0010091238622113223,421
البناء,-0.0010097148272405763,87
قياسا,-0.0010098722790521796,243
انعام,-0.0010107707308366412,285
لتمكين,-0.0010108991655309201,59
ويمثل,-0.0010159095156608402,510
والتسويق,-0.0010162815777151654,396
تحصل,-0.0010166157168139222,60
استثماراتها,-0.0010191052311275652,150
للتامين,-0.0010203075686592892,1494
نظام,-0.001021754569601725,2088
ثاني,-0.0010229782785830333,172
وذلك,-0.0010264305980916618,2016
واغلاق,-0.0010271505169078931,1646
لخدمه,-0.0010318667820533958,55
متوسط,-0.00103703013711243,407
ال,-0.0010382469336828036,524
وهم,-0.0010391253587542359,56
سيوله,-0.001041465188252473,60
معيار,-0.0010447981212102684,52
صدر,-0.0010451132890932722,115
ودائع,-0.0010472196171974024,144
الاثنين,-0.0010478399020406245,752
اجتماعها,-0.0010499933916252326,50
كفايه,-0.0010512235329460742,72
لمؤشراتها,-0.0010512790100713008,147
المؤسسات,-0.0010515845013765249,255
الرئيسيه,-0.001060265930574025,1661
المواد,-0.001060668441471615,336
توافق,-0.0010646233491125045,61
التطوير,-0.0010654183150514726,65
الصادره,-0.0010661788165871023,999
الشركهالسعر,-0.0010732456270940616,1874
التامين,-0.0010738748070561247,437
ذمه,-0.0010740156808989828,51
ومراجعه,-0.0010770444188858313,81
ساما,-0.0010794560104511982,454
مراجع,-0.0010842745720449267,58
ابراء,-0.0010848267729687664,51
تجاه,-0.0010868616793406622,350
تطبيق,-0.0010943147359064299,690
تتم,-0.001095521889822016,65
الاغلاق,-0.001096332540473617,2532
سهماجمالي,-0.0010963352850679206,56
الخارجيه,-0.0010984044670758549,121
وانخفاض,-0.0010999362436697132,159
وابقت,-0.0011043032246308723,181
لعمليه,-0.0011047042958011676,77
عنها,-0.001107940615360828,118
لتوفير,-0.001109512177537632,61
يوسف,-0.0011103303246502313,138
طريق,-0.0011106693677384206,1993
مكه,-0.0011110149168315634,308
الزكاه,-0.001111040259659669,201
تنميه,-0.0011112230073194345,115
توقع,-0.00111230154496532,242
داود,-0.0011138836269239836,69
معالي,-0.0011147209459249324,94
تزال,-0.0011166791026939497,98
العبداللطيف,-0.0011179587627259573,153
سنوات,-0.0011225539099488382,368
لاسهم,-0.0011237272587115306,115
كلا,-0.0011275147077321232,77
الصغيره,-0.0011284498838520678,178
رؤيه,-0.0011293270938280593,334
السعوديه,-0.0011317358106256246,4699
وزنا,-0.001139510088298845,100
لدي,-0.0011396001778040327,573
للمساهمين,-0.0011414380775670756,141
stc,-0.001141694490462578,61
المناسبه,-0.0011462641743852759,103
اما,-0.0011497478877140201,803
المؤسسه,-0.0011528739396031065,163
فقط,-0.0011538293659764162,704
تقديم,-0.0011542900505505742,306
نصيب,-0.001157283504912626,55
تقييم,-0.0011643540841058324,101
الناصر,-0.0011690553978809214,65
العميل,-0.001171554290146596,66
المؤتمر,-0.0011724545259786086,68
تراجعا,-0.0011753507105819138,223
ارتفاعات,-0.0011757243531632792,84
القوائم,-0.0011780511547064365,162
ماليه,-0.0011786603728932362,871
الملاءه,-0.001179848853628867,57
الاولي,-0.0011811266256554266,2360
بهذا,-0.0011826639646576498,71
وسوف,-0.0011858928101407525,65
لتطوير,-0.0011865341372248918,142
ع,-0.0011981060534335746,461
للخدمات,-0.0012020990566868435,146
المزادالتغيرالمواساه,-0.001202658756925727,117
الصغير,-0.0012032920873967087,167
ينعكس,-0.0012046336677356785,64
السيارات,-0.001205454091170721,289
المسؤوليه,-0.0012078397925020484,52
البيئه,-0.0012113851632314394,91
المقدمه,-0.0012193577515154023,341
البنيه,-0.0012208782139964845,113
عبر,-0.0012242740687291578,420
بالسوق,-0.0012265028828387554,1709
محافظ,-0.0012288324014199906,78
بالمملكه,-0.0012310115496204552,120
المستشفي,-0.0012313215989043845,83
التفاهم,-0.0012316685486303551,73
وتمكين,-0.0012325523654630032,77
ما,-0.0012350989858525708,1328
اطلقت,-0.001238028316455891,116
المدير,-0.0012398068681163104,61
تكون,-0.001246202599354266,187
تتبع,-0.0012462094216419389,51
العالمي,-0.0012483988901298838,325
القري,-0.0012499931843838199,196
يحصل,-0.001252559765175236,110
بوبا,-0.0012558104733266027,931
واكدت,-0.0012591083651593755,162
العقار,-0.001264211106363165,58
تبوك,-0.0012655885222183213,550
النقد,-0.001269413021987531,537
الضغط,-0.0012712045017696037,61
لذلك,-0.0012722098215931519,112
للعمل,-0.001273888507499322,56
وياتي,-0.0012746397888440384,68
بالربع,-0.001277667864709582,351
طرح,-0.0012783960109939842,154
سعاده,-0.0012811245929373655,62
بسعر,-0.001283808433918722,1614
التجاره,-0.0012845442061026667,57
يشار,-0.0012847221577760972,1096
حسابات,-0.0012856461518763397,83
وبنك,-0.0012883418623301289,120
الرقميه,-0.001292311176128767,126
اثر,-0.0012924682194312617,198
المنشات,-0.001294207172118367,115
المرافق,-0.001295727615155801,140
تصنيف,-0.001296690007719055,86
المزادالتغيرساب,-0.0012994868614759085,116
لافته,-0.0012999324121290528,57
خاصه,-0.001300586721949203,805
المنتهي,-0.0013047280401472297,149
التحتيه,-0.0013120408417271305,136
ابقت,-0.0013123597652158457,56
امين,-0.001313681082022724,63
السنوات,-0.0013137946102892324,204
وهو,-0.0013154430006230042,266
المراجعه,-0.0013283875456620111,211
الاولويه,-0.0013317099171302142,1524
لبعض,-0.0013341968086104,150
المستوي,-0.0013345039900741764,67
لنقل,-0.0013374433968876527,63
التوصيه,-0.0013392016854087293,155
المخاطر,-0.0013394083271947483,173
العائد,-0.0013430472987981503,69
ملاذ,-0.001344856773914646,294
سلسله,-0.0013499367008295233,84
في,-0.0013540286365161171,5425
وتمثل,-0.001355338859865339,140
الغاز,-0.0013589373240422227,302
الوكاله,-0.0013610229217406332,50
ورفع,-0.0013699429160521663,99
المحتمله,-0.001376956662899776,67
تشب,-0.001377245319972315,264
اسمنت,-0.0013797680917303765,2007
شخص,-0.0013840385907254442,50
الرؤيه,-0.0013840880866548449,54
تاثير,-0.001389194367667463,107
توقعات,-0.0013906000581098393,169
نسب,-0.0013915103389711698,113
عشر,-0.0013981351122227977,182
نموذج,-0.0013987462028503485,95
مخصص,-0.0013989871199950982,154
ابو,-0.0014050834956566487,174
للتصنيف,-0.0014082027106268114,52
نهايه,-0.001415855159166247,2306
بعكس,-0.0014163084437158406,53
وابل,-0.001416645400864196,84
الاهلي,-0.0014171459009583065,2303
جاكو,-0.0014202616005207038,219
يخص,-0.0014230662698346572,133
حقق,-0.00142335561944824,134
للجمعيه,-0.001424018380248596,93
ترقيه,-0.0014310901364608696,61
الحياد,-0.00143214059628453,89
قالت,-0.0014323061157325255,470
حول,-0.0014377004985816912,346
علي,-0.0014446594314615503,5181
يتراجع,-0.001453786511858182,61
العبد,-0.001460046074578277,51
كان,-0.0014687092406742445,459
حاله,-0.0014689534351318481,59
اليه,-0.0014702427614882486,586
صيانه,-0.0014766716441614069,51
فيها,-0.0014803303490559313,314
الابتكار,-0.0014812779398985212,84
التواصل,-0.001489954366558635,146
الدكتور,-0.0014919823918219232,198
بنوك,-0.0014981997427435255,256
خلفيه,-0.0015005483226154415,61
معدل,-0.0015076309902472464,285
الاصيل,-0.0015118011145768902,124
بسبب,-0.0015131832663411757,452
تعلن,-0.001516471765007187,514
الرائده,-0.0015212667231085599,103
الان,-0.001521601403689649,115
الطاقه,-0.0015264948892639543,434
اليمامه,-0.0015290716235116344,604
الاستراتيجيه,-0.0015381648632235298,181
خطه,-0.0015428568638761247,116
توقعاتها,-0.0015433978737784463,184
الشخصيه,-0.0015483828306943797,57
سوق,-0.0015504162870429085,164
حققت,-0.0015590846696966825,287
النصف,-0.0015658205538171268,392
صحفي,-0.0015685860821632526,90
الاسمده,-0.0015725175764339594,87
الثالثالربع,-0.0015785445848427817,116
بالاعلان,-0.0015814404136411692,100
تفعيل,-0.001586072223462178,56
اصدار,-0.0015864019816817837,140
نقل,-0.001588418048553207,157
عمليات,-0.0015884400291733816,288
الثالثه,-0.0015891566607087253,1973
الخليج,-0.0015901155046333228,677
البشريه,-0.001593028003381025,63
تابعه,-0.0015935372005428123,108
للانشاء,-0.0015983606433101036,148
برنامج,-0.0015995697067801473,319
المدي,-0.0016090584656010337,157
تقوم,-0.0016105393112313443,191
الشركه,-0.0016133806594444725,1829
الاستحقاق,-0.0016230737049027606,130
الخريف,-0.001624581550884111,69
سنوي,-0.0016299049942589778,180
المستدامه,-0.0016385737453496676,60
الحد,-0.001640562304737716,154
الخميس,-0.001641313901737188,721
السنوي,-0.0016414711139531234,128
تستمر,-0.0016452789216469734,70
ارباحها,-0.0016482688881842389,105
الذهب,-0.0016486517710775643,59
لتلك,-0.001651734635345524,52
المجدوله,-0.0016521464326589518,53
اجراء,-0.0016522014977237306,113
الشماليه,-0.00166777671052344,330
سويكورب,-0.0016709755126050425,74
القروض,-0.001674602978362838,467
الدريس,-0.0016769870354107295,416
الاجتماعي,-0.0016821906218504957,52
الموازيه,-0.0016837315947376792,527
يصل,-0.0016927386222381129,86
هناك,-0.001694520326255752,271
وعلي,-0.0016953620572968914,297
عدد,-0.0016977228523904501,3293
الثانيالربع,-0.0016986066771297232,112
انعقاد,-0.0017129468899151803,203
الخبير,-0.0017133734840746495,83
الاستفاده,-0.0017172876434497133,142
صناعات,-0.0017205286246631374,267
حلواني,-0.0017227245059597302,309
الاسماك,-0.0017253012677952311,352
للربع,-0.0017386567747660943,420
لكل,-0.0017477559099704843,1827
فيصل,-0.001754245395143232,63
الودائع,-0.001762036428908292,162
المساهمين,-0.0017703533434246502,454
توزيع,-0.0017734670782488238,287
النحو,-0.0017747501307066793,53
قويه,-0.0017759516937342356,112
ان,-0.001776375648347137,4159
اكسترا,-0.0017920253666862008,557
مجال,-0.001793049320862246,343
ايجابيه,-0.0017955103364329084,115
يقدم,-0.0017984942263695547,64
كل,-0.001807251685492199,833
الرياض,-0.0018083444902675008,2130
بدون,-0.0018170328338974078,67
ريدان,-0.0018177298085891272,136
مسك,-0.0018283558210126978,246
قامت,-0.0018286740455178993,410
الاعاده,-0.0018347124396029752,50
الاستهلاك,-0.00184412033658356,105
هذا,-0.0018461040729934987,2824
المشروع,-0.0018504940087214997,168
جزء,-0.0018520357242260282,132
ظل,-0.0018568304118870439,154
مرحله,-0.001867659983443173,96
التعاون,-0.0018726832787383605,179
نتائج,-0.0018815623666168732,594
واكثر,-0.00188699653251416,91
القياديه,-0.0018919794093796066,64
لدعم,-0.0019043400397399325,219
توقعاتنا,-0.001906434233931922,100
ومتوسط,-0.0019069956154874783,104
تكلفه,-0.0019074826274529835,199
المبلغ,-0.001910791131205281,73
المتجدده,-0.0019151295206395655,57
عمليه,-0.0019265007270022482,346
الاولالربع,-0.0019322929803046087,97
دفع,-0.0019386492031099177,64
توزيعات,-0.0019404045556621807,153
اوزان,-0.0019406705651329758,64
وسيتم,-0.0019441277339065889,166
كشفت,-0.001948656704489454,59
اشهر,-0.0019804759704140653,286
الاساس,-0.0019911776240830914,73
الاجتماعيه,-0.002001716984663598,145
معطي,-0.002036863932196424,157
بعض,-0.002049192519553977,344
امس,-0.002051943972009279,249
للاطلاع,-0.002053698498244541,2814
الخاصه,-0.0020683769640714622,1015
وحده,-0.0020889494326222996,195
واضافت,-0.0020951522361019066,462
الامريكي,-0.0021006590188346595,113
للسهم,-0.0021023466021053406,1140
الاكتتاب,-0.002109671836728506,105
للمشتركين,-0.0021157256587099895,57
يذكر,-0.0021218395116527323,262
مؤسسه,-0.002129830179503078,559
ارتفعت,-0.0021339146667710396,632
الا,-0.002145164919259964,270
سايكو,-0.002154734603338063,223
واستحوذت,-0.0021606375698963462,65
لشركه,-0.002170660611716417,561
للفتره,-0.002170799809434665,118
وجاء,-0.0021745910896752824,241
بعد,-0.0021747102539137393,2818
مما,-0.002189920202746833,1486
صرف,-0.0021934237095383212,117
الاداره,-0.0021984785915064114,510
ثمار,-0.0022071800642042916,137
الرابع,-0.0022129292778118163,671
الاقراض,-0.002217891279472264,58
واشارت,-0.0022292258336419936,520
نقاط,-0.0022330445225990326,885
اعلان,-0.002237385725706409,276
ارباح,-0.0022395831174944164,801
وكانت,-0.0022412284234232097,444
التسعه,-0.0022467386834132716,109
الصحيه,-0.0022583042963550087,557
لتحقيق,-0.00225974591558524,142
رئيس,-0.0022633554202832196,630
حمايه,-0.0022676541932813367,54
ايداع,-0.0022753361028479135,111
عن,-0.0022934166046202895,4251
منهما,-0.0023011349367404095,110
انها,-0.0023032071233921687,574
دور,-0.0023059778500998185,569
الاوراق,-0.002317392011819691,114
المشترك,-0.0023477636766967807,203
الاوليه,-0.002358411663556826,117
التوزيعات,-0.002361204288216432,131
دله,-0.0023628750454084734,430
ارتفاع,-0.0023924443068660895,1016
جدوي,-0.0023975549972217536,436
المحتوي,-0.002397807494206336,142
ملكيتها,-0.00241698563972797,50
سداد,-0.002433566436889323,91
احد,-0.002452273809036682,247
الطيار,-0.002464283574030476,136
مراجعتها,-0.002476163926053031,189
نسيج,-0.0024795661423857363,164
الدخل,-0.0024874892202882315,238
ريت,-0.0024904947841611074,1401
الكثيري,-0.0024919109681647545,109
الدوريه,-0.0025113339365022713,160
الثاني,-0.0025249437081602158,988
المملكه,-0.0025326999450126925,1156
الخدمات,-0.002554950753749615,726
وقالت,-0.0025946419403601447,496
مجموعه,-0.002596162668246168,1602
باعظيم,-0.002610402396685009,151
تخفيض,-0.002621420880001472,130
الماضيه,-0.0026220054664369873,213
توصيه,-0.002653375748371901,172
متطوره,-0.002659218039796743,54
امكانيه,-0.0026673827177396093,93
الاندلس,-0.002684487071990024,263
اف,-0.0026918960563622057,353
الجنوبيه,-0.002698419843988933,493
الماليه,-0.0026987976104322154,2340
بتوزيع,-0.0027023433676775597,186
مدير,-0.0027305195713798495,114
المستثمرين,-0.0027532086917444356,278
مهاره,-0.002762645034696439,133
معدنيه,-0.0027766478265513123,289
السنه,-0.0027948698171596426,161
لا,-0.0028091661726992166,697
ذلك,-0.002815596026510105,795
وفره,-0.002817272917345145,261
لازوردي,-0.002860706410618243,231
اليانز,-0.0028729796372838983,253
الموافقه,-0.0028814904814575383,117
جازادكو,-0.002882473619113471,237
اتمام,-0.002888150187562222,148
قد,-0.0029015322436531893,964
وتضمنت,-0.0029019849923066416,171
اسلاك,-0.002911012501533481,203
شركات,-0.002955131609273686,1128
العمل,-0.00295950620173242,351
الاستثماريه,-0.0029656765442544605,230
الجزيره,-0.0029726390808398873,1408
الارضيه,-0.0029814636914569062,341
اللقيم,-0.002991512105700228,86
متلايف,-0.003033522251687156,127
نقديه,-0.0030547080462633683,257
وان,-0.0030905597953124367,220
ابتداء,-0.0031220735745046383,214
بروج,-0.0031618981153010524,340
صافولا,-0.0031635969815534517,1165
بقيمه,-0.0031683529510588087,1567
حقوق,-0.0031733306545316574,1686
باتك,-0.0031835992124183096,256
اظهر,-0.0032235483533810546,614
بما,-0.003282428685101522,542
التموين,-0.0033025724614858844,632
جي,-0.0033036242916255863,263
للاستثمار,-0.0033339237683977533,341
كهربائيه,-0.0033519939960852665,226
اسعار,-0.003354893117755997,930
لجنه,-0.0033654779930150304,290
نصف,-0.003377980250134429,248
البحر,-0.003395894765283291,274
ملايين,-0.003398381705817152,548
المزادالتغيربتروكيم,-0.0034088199879974213,68
الاستدامه,-0.0034899680689382787,81
صدق,-0.0035048013176598156,187
البابطين,-0.0035938428277051226,235
مبلغ,-0.003667590897839141,248
الاحساء,-0.003692117841477726,156
يعادل,-0.0036978835613163457,455
اسبوعاالشركه,-0.0037623444814475857,85
مارس,-0.0037726585208219614,865
الصندوقالسعر,-0.003825413000936924,83
بخصوص,-0.003865883341362409,174
العامه,-0.0038821022269971664,893
اساس,-0.003892143220996707,135
جزيره,-0.0039221666881505786,252
صفقات,-0.003922190682124054,842
سدافكو,-0.003947706498695951,480
الوطنيه,-0.003976889899838236,916
للتكافل,-0.004000028916335893,301
اعاده,-0.00406447585236567,450
التصنيع,-0.004088164474468728,930
للتعليم,-0.004133712801326436,266
المنتهيه,-0.004152804974790412,146
تكافل,-0.004178812586370728,727
البنيان,-0.004179192896259464,123
البالغه,-0.0041839102922393255,239
بنك,-0.004223427085450241,1177
الاهليه,-0.0043315895883880955,339
الصقر,-0.004347816428567311,203
ميفك,-0.004369113820872406,108
الكيميائيه,-0.0044329994622335726,324
من,-0.004543086548313826,5146
للحديد,-0.004545496985833463,294
الاحمر,-0.0046058504096641775,286
الواحه,-0.004782051789498997,271
اميانتيت,-0.004865223796735275,326
الانخفاض,-0.004925520806132583,395
الصناديق,-0.004970370554354194,85
ايه,-0.00512983108271489,214
سوليدرتي,-0.005244578197931125,162
تعليم,-0.0053160834312684325,131
الصادرات,-0.005352748659307167,188
اقل,-0.005396678053931519,273
الباحه,-0.005603220841073235,301
طيبه,-0.00570741171481395,256
القابضه,-0.0060250332669866905,608
زجاج,-0.006035408414574999,231
الخليجيه,-0.006148532618118107,310
الحرمين,-0.006350267877942942,253
تهامه,-0.006670416429994225,267
للتدريب,-0.0068033944283687415,288
الانابيب,-0.006920914061181763,218
والصناديق,-0.00713569690847431,99
سافكو,-0.008018053228191867,1016
الاحد,-0.008492985412512763,546
للاعلان,-0.008764215453485082,259
والتغليف,-0.008976611477679867,52
السريع,-0.009709375351979473,173
خسائر,-0.01041471617658281,458
الاتحاد,-0.010797274802652268,308
تراجع,-0.01621184113410198,1205
الادني,-0.017428435746369132,295
ادني,-0.019069748557463018,874
خسائره,-0.02652291536409732,528
