CompanyID,Company,n_test,Firm-specific lexicon r,Pooled lexicon r,Leave-one-firm-out lexicon r
30,Saudi Telecom Co.,159,-0.030632577377871176,0.18275336262279027,0.18511773164407927
32,Saudi Electricity Co.,122,-0.026505421710039945,0.20965754822937843,0.21717113064806798
43,Al Rajhi Bank,162,0.24746316916265526,0.37971942712507256,0.35064027202073017
48,Saudi Awwal Bank,172,0.2719872810303237,0.5105443908786637,0.4800442083239073
62,Almarai Co.,114,0.16600913387981953,0.28682289292987523,0.2874727413954198
77,Saudi Basic Industries Corp.,159,0.07002795562074467,0.38265664405499655,0.3777280207860286
88,Yanbu National Petrochemical Co.,106,-0.05656473598164923,0.4194442157823218,0.41280864095824255
585,Sahara International Petrochemical Co.,127,0.14531921638138232,0.24213100302859233,0.21244655065771642
600,Rabigh Refining and Petrochemical Co.,83,0.020735071444011984,0.3174693333732786,0.28652891837692707
836,Saudi Arabian Mining Co.,151,0.18585639809123478,0.29865021624742677,0.30905625922653224
3413,The Saudi National Bank,180,0.045653863036344215,0.3620572183324658,0.36092811540999586
