Horizon,r,nw_t,nw_p,n
session +0,0.11215865714080865,4.4632497288757165,8.072587531945053e-06,1521
session +1,-0.031121089050592077,-1.1389008807765808,0.2547444982258277,1513
session +2,-0.005175855546317262,-0.17987877285740259,0.8572477401764865,1505
session +3,-0.04092087195362608,-1.5830204375162993,0.11341680623090745,1498
session +4,-0.013345885788389855,-0.489441597385676,0.6245290923830036,1491
session +5,-0.05828461140931848,-2.1940155852141943,0.028234289140717572,1482
session +6,0.01531277974647592,0.5656386343594856,0.5716394588752588,1473
session +7,0.01693052784041257,0.6456240068539264,0.5185228861047535,1465
session +8,0.022238512078572813,0.8977073477209412,0.36934159114904597,1455
session +9,0.031202647957660617,1.2471893446231364,0.21232807897057915,1448
session +10,0.008988587741416544,0.32729862509283103,0.7434420322408558,1439
cumulative +1..+2,-0.025289666872038947,-0.8735510288406995,0.38236280511913767,1505
cumulative +1..+3,-0.04505750442454949,-1.456013794479439,0.145388806294307,1498
cumulative +1..+5,-0.0658883863859294,-2.036961165746441,0.04165393378499378,1482
cumulative +1..+10,-0.019114286998011744,-0.5731092163107049,0.5665707473735915,1439
