n,r,nw_t,nw_p,spearman,acc,bal_acc,auc,majority,pt_p,Alignment,Estimator,CompanyID,Company
159,-0.03683493697173804,-0.5364381859565469,0.5916557461970172,0.009440806898011482,0.4716981132075472,0.5130434782608696,0.5531400966183575,0.5660377358490566,0.33797143657081063,contemporaneous,Equal-split (firm),30,Saudi Telecom Co.
122,-0.16843382800959508,-2.1663592919773196,0.030283742133462525,-0.1570296693102361,0.4426229508196721,0.4693657219973009,0.43670715249662606,0.5327868852459017,0.8817337658771744,contemporaneous,Equal-split (firm),32,Saudi Electricity Co.
162,0.19034006064954412,1.9275598546162227,0.05390989636384061,0.12206316346066264,0.4444444444444444,0.49620801733477793,0.6028478563689831,0.5617283950617284,0.5701834405316224,contemporaneous,Equal-split (firm),43,Al Rajhi Bank
172,0.07818462230174163,1.2825222792304487,0.1996594946297895,0.17134333286594597,0.5988372093023255,0.6006493506493507,0.5875270562770564,0.5116279069767442,0.0037057015307272456,contemporaneous,Equal-split (firm),48,Saudi Awwal Bank
114,0.013232219854709949,0.16456488877029687,0.8692864690598232,0.09633190415104449,0.5350877192982456,0.5157407407407407,0.5462962962962963,0.5263157894736842,0.30899913399385603,contemporaneous,Equal-split (firm),62,Almarai Co.
159,0.007435526296844423,0.11293593917277364,0.9100813432508857,-0.012094089689609348,0.4968553459119497,0.5053107165504122,0.4720989220038047,0.5220125786163522,0.4422188389522379,contemporaneous,Equal-split (firm),77,Saudi Basic Industries Corp.
106,-0.04981680308998238,-0.6110151026241926,0.5411895820461454,-0.12666984071844287,0.5,0.48124760811327977,0.46919249904324534,0.6320754716981132,0.6470977050455055,contemporaneous,Equal-split (firm),88,Yanbu National Petrochemical Co.
127,0.15791287551508792,2.050288053727357,0.04033632966398631,0.12999053816744793,0.47244094488188976,0.49912935323383084,0.5398009950248757,0.5275590551181102,0.5314841490252594,contemporaneous,Equal-split (firm),585,Sahara International Petrochemical Co.
83,0.09615079648263099,1.5012402113257166,0.13329344287790296,0.02307030262303823,0.4457831325301205,0.5073877068557919,0.5171394799054374,0.5662650602409639,0.3595775722702669,contemporaneous,Equal-split (firm),600,Rabigh Refining and Petrochemical Co.
151,0.16099502097824822,2.1548221475158713,0.03117575443571774,0.20130804445583655,0.48344370860927155,0.4866666666666667,0.5605263157894737,0.5033112582781457,0.9247690961902,contemporaneous,Equal-split (firm),836,Saudi Arabian Mining Co.
180,0.11925809000888163,1.8633416238870946,0.062414217470380076,0.1329851595186893,0.4388888888888889,0.5018853695324283,0.552790346907994,0.5666666666666667,0.43920963839090055,contemporaneous,Equal-split (firm),3413,The Saudi National Bank
1535,0.07229465960016311,2.574694778083143,0.010032857873961357,0.04246736286647826,0.4859934853420195,0.5105268291681212,0.5233347707935465,0.5446254071661237,0.1629493601738703,contemporaneous,Equal-split (firm),,Pooled (all firms)
159,0.0016416061151602313,0.036151333911508425,0.9711616905118514,0.021783721419320612,0.46540880503144655,0.5243961352657005,0.5829307568438002,0.5660377358490566,0.09279681449851052,contemporaneous,Equal-split (pooled),30,Saudi Telecom Co.
122,-0.10586184205630034,-1.4113501463585767,0.1581413950823769,-0.14490445134788119,0.4672131147540984,0.4946018893387314,0.45937921727395403,0.5327868852459017,0.5862009131232847,contemporaneous,Equal-split (pooled),32,Saudi Electricity Co.
162,0.1796875411498889,1.9882573088102327,0.04678323969744636,0.11936890213761521,0.46296296296296297,0.5157870298715369,0.6054790280142391,0.5617283950617284,0.22251079325214818,contemporaneous,Equal-split (pooled),43,Al Rajhi Bank
172,0.13899336844613225,2.342233099208471,0.019168738766035025,0.1786519503841705,0.5058139534883721,0.516504329004329,0.590909090909091,0.5116279069767442,0.13602170776059497,contemporaneous,Equal-split (pooled),48,Saudi Awwal Bank
114,0.09957989062739944,1.4409794390661983,0.14959049160043056,0.1380545283510364,0.5,0.5222222222222223,0.5617283950617283,0.5263157894736842,0.18873951092274321,contemporaneous,Equal-split (pooled),62,Almarai Co.
159,0.07531754866528804,1.1755268911065972,0.23978398521352828,0.05221416480533762,0.49056603773584906,0.5109384908053266,0.5255231452124287,0.5220125786163522,0.23410183422313158,contemporaneous,Equal-split (pooled),77,Saudi Basic Industries Corp.
106,-0.0443095441414985,-0.3871698133273392,0.6986304962711474,-0.14749766354598415,0.41509433962264153,0.521239954075775,0.4389590508993494,0.6320754716981132,0.2435669923712951,contemporaneous,Equal-split (pooled),88,Yanbu National Petrochemical Co.
127,0.11877799506469501,1.5333570371779863,0.12518790825954854,0.11741770684768034,0.4645669291338583,0.4890547263681592,0.5345771144278607,0.5275590551181102,0.7060259156458021,contemporaneous,Equal-split (pooled),585,Sahara International Petrochemical Co.
83,0.053078643376632186,0.7070927512022744,0.4795088403659098,-0.078090560289083,0.43373493975903615,0.49349881796690304,0.47222222222222227,0.5662650602409639,0.6086383942311802,contemporaneous,Equal-split (pooled),600,Rabigh Refining and Petrochemical Co.
151,0.16859811452969967,2.2778774258884154,0.022733881598192552,0.21159984894850084,0.4768211920529801,0.4799122807017544,0.5673684210526315,0.5033112582781457,0.9168363125650946,contemporaneous,Equal-split (pooled),836,Saudi Arabian Mining Co.
180,0.13840473420801971,1.9990870639302554,0.04559893453677321,0.12143903674984448,0.4444444444444444,0.5067873303167421,0.5717697335344394,0.5666666666666667,0.3070729549924698,contemporaneous,Equal-split (pooled),3413,The Saudi National Bank
1535,0.09483279401343053,4.352169556966717,1.3479694690693761e-05,0.06986808718525278,0.46840390879478827,0.5080934143787091,0.5472496594588304,0.5446254071661237,0.08475568800037458,contemporaneous,Equal-split (pooled),,Pooled (all firms)
159,-0.030632577377871176,-0.34163729024125256,0.7326238703666041,0.041078855694589175,0.5031446540880503,0.5340579710144927,0.5341384863123994,0.5660377358490566,0.1681778742647313,contemporaneous,Ridge (firm),30,Saudi Telecom Co.
122,-0.026505421710039945,-0.29477374872922374,0.7681667213316453,-0.013628890399768787,0.4672131147540984,0.4913630229419703,0.48690958164642373,0.5327868852459017,0.6114749508448996,contemporaneous,Ridge (firm),32,Saudi Electricity Co.
162,0.24746316916265526,2.0613477259210513,0.039269878092360676,0.1705626899694121,0.5246913580246914,0.5521591084971367,0.6112056957127379,0.5617283950617284,0.07138382672226906,contemporaneous,Ridge (firm),43,Al Rajhi Bank
172,0.2719872810303237,3.242964617242655,0.001182929007373537,0.2637517098316096,0.5988372093023255,0.5984848484848485,0.6244588744588745,0.5116279069767442,0.004775812447114669,contemporaneous,Ridge (firm),48,Saudi Awwal Bank
114,0.16600913387981953,1.911120882590718,0.055989048119067054,0.19050860526544508,0.6140350877192983,0.6148148148148148,0.5891975308641975,0.5263157894736842,0.006955303213309505,contemporaneous,Ridge (firm),62,Almarai Co.
159,0.07002795562074467,0.9722770858313737,0.33091272017840134,0.05824478963204976,0.5345911949685535,0.5342422320862397,0.5209258084971464,0.5220125786163522,0.19335509117658045,contemporaneous,Ridge (firm),77,Saudi Basic Industries Corp.
106,-0.05656473598164923,-0.5948471806809732,0.5519456266631634,-0.03090417639674364,0.5849056603773585,0.5162648296976655,0.4611557596632223,0.6320754716981132,0.35113782902058144,contemporaneous,Ridge (firm),88,Yanbu National Petrochemical Co.
127,0.14531921638138232,1.9640637107206398,0.049522703954412835,0.1289301083124256,0.4566929133858268,0.481592039800995,0.5291044776119403,0.5275590551181102,0.8364974584168259,contemporaneous,Ridge (firm),585,Sahara International Petrochemical Co.
83,0.020735071444011984,0.20223998713874333,0.8397291137319622,0.07865734661376182,0.5180722891566265,0.5484633569739953,0.5531914893617021,0.5662650602409639,0.16262449029064785,contemporaneous,Ridge (firm),600,Rabigh Refining and Petrochemical Co.
151,0.18585639809123478,2.588080195749943,0.009651250826326695,0.1053964439086193,0.4966887417218543,0.498859649122807,0.5217543859649123,0.5033112582781457,0.5148526949745496,contemporaneous,Ridge (firm),836,Saudi Arabian Mining Co.
180,0.045653863036344215,0.7262874386385616,0.46766257830766433,0.020270020020407408,0.5166666666666667,0.5433634992458523,0.509175465057818,0.5666666666666667,0.10470391599766793,contemporaneous,Ridge (firm),3413,The Saudi National Bank
1535,0.1265117325255448,4.269770230323301,1.9567444280211047e-05,0.09519572693973624,0.5283387622149837,0.5429552470720305,0.5455435310867884,0.5446254071661237,0.00020043203712061253,contemporaneous,Ridge (firm),,Pooled (all firms)
159,0.18275336262279027,2.279860141968897,0.022615984663436756,0.24780326682821321,0.5471698113207547,0.5695652173913044,0.6653784219001609,0.5660377358490566,0.032751421535158975,contemporaneous,Ridge (pooled),30,Saudi Telecom Co.
122,0.20965754822937843,2.474632787025334,0.013337323020446101,0.11787800476948421,0.5409836065573771,0.5530364372469636,0.5708502024291497,0.5327868852459017,0.10408401323982641,contemporaneous,Ridge (pooled),32,Saudi Electricity Co.
162,0.37971942712507256,4.63876965738682,3.504894160275741e-06,0.24417149002364982,0.5370370370370371,0.5616003714595263,0.627147500386937,0.5617283950617284,0.04555696045824853,contemporaneous,Ridge (pooled),43,Al Rajhi Bank
172,0.5105443908786637,8.137011459772514,4.051543814979806e-16,0.49760860338022017,0.6511627906976745,0.6528679653679654,0.7348484848484849,0.5116279069767442,2.453348908393327e-05,contemporaneous,Ridge (pooled),48,Saudi Awwal Bank
114,0.28682289292987523,3.9602033600174917,7.488596427554869e-05,0.2913332164985161,0.5614035087719298,0.5703703703703704,0.6410493827160494,0.5263157894736842,0.054946749433378406,contemporaneous,Ridge (pooled),62,Almarai Co.
159,0.38265664405499655,6.085852517098691,1.158730700741417e-09,0.40313084964761414,0.6352201257861635,0.6395053899809765,0.6884908053265694,0.5220125786163522,0.0001678704857839275,contemporaneous,Ridge (pooled),77,Saudi Basic Industries Corp.
106,0.4194442157823218,4.034736052280912,5.4663711406178454e-05,0.3577760480048836,0.660377358490566,0.634902411021814,0.6850363566781477,0.6320754716981132,0.002627216937604815,contemporaneous,Ridge (pooled),88,Yanbu National Petrochemical Co.
127,0.24213100302859233,2.6928170972747294,0.007085112530672289,0.2426099463893642,0.5511811023622047,0.5615671641791045,0.594776119402985,0.5275590551181102,0.06715214930730173,contemporaneous,Ridge (pooled),585,Sahara International Petrochemical Co.
83,0.3174693333732786,3.1429931717661614,0.0016722974099375898,0.2775573624038321,0.5662650602409639,0.5715130023640662,0.6453900709219859,0.5662650602409639,0.09650086666218904,contemporaneous,Ridge (pooled),600,Rabigh Refining and Petrochemical Co.
151,0.29865021624742677,4.520262032032235,6.176313651287835e-06,0.26442530235547174,0.5761589403973509,0.5776315789473685,0.6273684210526316,0.5033112582781457,0.01634010417293985,contemporaneous,Ridge (pooled),836,Saudi Arabian Mining Co.
180,0.3620572183324658,3.8223086981688135,0.00013220803666324414,0.3634641664092757,0.5888888888888889,0.610105580693816,0.6608848667672197,0.5666666666666667,0.0010810956490608925,contemporaneous,Ridge (pooled),3413,The Saudi National Bank
1535,0.3264334957614118,12.459535629022067,1.2409107167277763e-35,0.3092488931015293,0.5843648208469056,0.5965006400120473,0.6534112299867891,0.5446254071661237,3.3306690738754696e-15,contemporaneous,Ridge (pooled),,Pooled (all firms)
150,0.008340808706495386,0.15089531231975112,0.8800582983733095,0.026129531288088127,0.5333333333333333,0.547008547008547,0.5496794871794871,0.52,0.0576922574612897,predictive,Equal-split (firm),30,Saudi Telecom Co.
128,-0.04893241002146337,-0.5703304607305697,0.5684535846680949,0.000898571599431809,0.5,0.49376070467335453,0.4920479569366283,0.5234375,0.5583762024523824,predictive,Equal-split (firm),32,Saudi Electricity Co.
164,0.036148146552800194,0.35617671959354824,0.7217082253030689,0.09787424485918639,0.4268292682926829,0.48796001817355744,0.537331515977586,0.5670731707317073,0.775831179704934,predictive,Equal-split (firm),43,Al Rajhi Bank
170,0.027454449320836072,0.4610139472759496,0.6447885986598032,0.006188369724811434,0.4470588235294118,0.44619858745326135,0.4441213128375571,0.5117647058823529,0.9207658947832207,predictive,Equal-split (firm),48,Saudi Awwal Bank
110,-0.03229307797399272,-0.35625225769270114,0.7216516596808319,0.0008296809491671063,0.5,0.5,0.5205026455026455,0.509090909090909,0.5,predictive,Equal-split (firm),62,Almarai Co.
163,0.16353041021768655,2.1324478517135725,0.03297004716227302,0.10558445122204302,0.5030674846625767,0.5028605841613971,0.5210779885576633,0.5030674846625767,0.4707303375049524,predictive,Equal-split (firm),77,Saudi Basic Industries Corp.
108,0.09537320458146957,1.15251166282479,0.2491108799908589,0.116209058176491,0.48148148148148145,0.5083333333333333,0.5447916666666667,0.5555555555555556,0.42179180978779296,predictive,Equal-split (firm),88,Yanbu National Petrochemical Co.
125,0.16300000723931032,1.7553432658051993,0.07920061008908384,0.14669372295635263,0.536,0.5588084232152029,0.5757575757575758,0.528,0.01263124872052046,predictive,Equal-split (firm),585,Sahara International Petrochemical Co.
81,0.12961946886408898,1.5300950957247936,0.12599319201595846,0.10385342860474561,0.4691358024691358,0.49722222222222223,0.554320987654321,0.5555555555555556,0.5231159604684028,predictive,Equal-split (firm),600,Rabigh Refining and Petrochemical Co.
149,-0.07724703839895261,-0.8615833815082806,0.38891681918797605,-0.029701156350603823,0.47651006711409394,0.4736936936936937,0.5088288288288288,0.5033557046979866,0.8817876202170178,predictive,Equal-split (firm),836,Saudi Arabian Mining Co.
173,0.06270854675960011,0.8705975793379165,0.3839739186509449,0.08925883223740663,0.47398843930635837,0.5039586688137413,0.5477724100912507,0.5317919075144508,0.37787378629429336,predictive,Equal-split (firm),3413,The Saudi National Bank
1521,0.049780298454729366,1.7278772862234586,0.08401022734436064,0.032087827341540996,0.48454963839579224,0.4946902317588239,0.5063405389111597,0.5220249835634451,0.6795288378974386,predictive,Equal-split (firm),,Pooled (all firms)
150,0.006281429046288139,0.12004923499135758,0.9044441460624545,-0.023336098579439846,0.5,0.5165598290598291,0.5318732193732194,0.52,0.2349282704960587,predictive,Equal-split (pooled),30,Saudi Telecom Co.
128,0.03578918513903509,0.5828130764576758,0.5600191411096939,-0.027269072519062763,0.453125,0.4732077318326401,0.4793246880352337,0.5234375,0.8827657920338126,predictive,Equal-split (pooled),32,Saudi Electricity Co.
164,0.03139616551327556,0.3658439214505954,0.7144815438105525,0.08973279447027424,0.4329268292682927,0.4966681811297895,0.5353627139179161,0.5670731707317073,0.6083198436079943,predictive,Equal-split (pooled),43,Al Rajhi Bank
170,0.08193809212474126,1.6227060868168532,0.10465224959773929,0.11200130925272496,0.5235294117647059,0.5145409223099294,0.5493698933665697,0.5117647058823529,0.2775891530304154,predictive,Equal-split (pooled),48,Saudi Awwal Bank
110,0.0710019383753517,1.0615101181743034,0.28845813710197166,0.07294879562839916,0.5363636363636364,0.5277777777777778,0.5125661375661376,0.509090909090909,0.03620157247893918,predictive,Equal-split (pooled),62,Almarai Co.
163,0.07489457891522966,1.1657391375395434,0.243719931242262,-0.00704118023660109,0.49693251533742333,0.4994730502860584,0.5140018066847335,0.5030674846625767,0.5096070407679301,predictive,Equal-split (pooled),77,Saudi Basic Industries Corp.
108,0.07090062945449473,0.7182902623646672,0.47257833301972774,0.09942267020248075,0.46296296296296297,0.50625,0.5364583333333334,0.5555555555555556,0.4182573870868077,predictive,Equal-split (pooled),88,Yanbu National Petrochemical Co.
125,0.1340029899388793,1.5458131026130828,0.12214971170694791,0.14466911117306883,0.536,0.5561119671289163,0.5546995377503853,0.528,0.03662715888840129,predictive,Equal-split (pooled),585,Sahara International Petrochemical Co.
81,0.12159048292911197,1.6845270254811489,0.09207986103364667,0.0688027552994145,0.4444444444444444,0.48611111111111116,0.5376543209876543,0.5555555555555556,0.648021531700684,predictive,Equal-split (pooled),600,Rabigh Refining and Petrochemical Co.
149,0.0618841600748173,0.730033163380208,0.4653699135711714,0.04770543026373781,0.48322147651006714,0.48009009009009007,0.5383783783783784,0.5033557046979866,0.9121399076886074,predictive,Equal-split (pooled),836,Saudi Arabian Mining Co.
173,0.10394357163756801,1.3131627546217195,0.1891281114022071,0.10318057243382016,0.5086705202312138,0.5373054213633923,0.5544820182501341,0.5317919075144508,0.013502355056789317,predictive,Equal-split (pooled),3413,The Saudi National Bank
1521,0.0797500143706953,3.4137143634700577,0.000640837230603949,0.07274913586607032,0.4904667981591059,0.5091210211385945,0.5376170660975196,0.5220249835634451,0.091088831694216,predictive,Equal-split (pooled),,Pooled (all firms)
150,-0.022181895304726574,-0.22660051397328304,0.820734392595311,-0.020809384461687327,0.5533333333333333,0.5550213675213675,0.5131766381766382,0.52,0.0876259377492663,predictive,Ridge (firm),30,Saudi Telecom Co.
128,0.008175698246892016,0.0842498333021932,0.9328577977474094,0.022730427434034584,0.5,0.4908245656961096,0.517249816491314,0.5234375,0.5894663603969601,predictive,Ridge (firm),32,Saudi Electricity Co.
164,0.10317039717651451,1.1136530930288737,0.26542803984121666,0.020946040616285647,0.42073170731707316,0.4742541269120097,0.46145691352415563,0.5670731707317073,0.8653128102546714,predictive,Ridge (firm),43,Al Rajhi Bank
170,0.05732916425075722,0.7173490855030922,0.47315872700617645,-0.03427113535581876,0.4235294117647059,0.4223791718598532,0.43968979365738814,0.5117647058823529,0.9792535292679715,predictive,Ridge (firm),48,Saudi Awwal Bank
110,0.03896258955475814,0.5505685989228045,0.5819294395597078,0.02339339545803776,0.509090909090909,0.5095899470899471,0.5515873015873016,0.509090909090909,0.41982198331558285,predictive,Ridge (firm),62,Almarai Co.
163,0.11988926969869844,1.5625099085603371,0.11816791346751598,0.10962460894930173,0.49693251533742333,0.49653718759409815,0.5179162902740139,0.5030674846625767,0.5356325414679433,predictive,Ridge (firm),77,Saudi Basic Industries Corp.
108,0.0533065058308022,0.6753703682607464,0.49944048667437657,0.026456185813749433,0.5462962962962963,0.5395833333333333,0.5055555555555555,0.5555555555555556,0.20371307627636281,predictive,Ridge (firm),88,Yanbu National Petrochemical Co.
125,0.1350114151346128,1.606072677501369,0.10825794231642581,0.11325229767403927,0.496,0.5155367231638418,0.5236260914227016,0.528,0.3138321935911831,predictive,Ridge (firm),585,Sahara International Petrochemical Co.
81,0.08875460862437881,0.8208984707938156,0.4117041021859541,0.11866866165132887,0.5308641975308642,0.55,0.5574074074074075,0.5555555555555556,0.16989148717790936,predictive,Ridge (firm),600,Rabigh Refining and Petrochemical Co.
149,-0.1199790862645422,-1.4613372971408758,0.14392289911367948,-0.08133940936937181,0.5100671140939598,0.5084684684684685,0.4673873873873874,0.5033557046979866,0.4067382334169951,predictive,Ridge (firm),836,Saudi Arabian Mining Co.
173,0.20434787332553525,2.779102362302279,0.005450934504050414,0.2303791308470518,0.5260115606936416,0.5454911433172303,0.6029253891572732,0.5317919075144508,0.06589864039165727,predictive,Ridge (firm),3413,The Saudi National Bank
1521,0.05483282861934127,2.0513973040717666,0.04022827138890702,0.03892753843335751,0.4970414201183432,0.5022443082402752,0.504237420266857,0.5220249835634451,0.4285644265118035,predictive,Ridge (firm),,Pooled (all firms)
150,0.041722945011531384,0.5034105695710066,0.6146756419665951,0.062196997272952324,0.5266666666666666,0.5283119658119658,0.5598290598290598,0.52,0.24274475441958288,predictive,Ridge (pooled),30,Saudi Telecom Co.
128,0.0906280078502169,1.135989332016674,0.2559610290551897,0.09761234795101595,0.4765625,0.48238316613653043,0.5414729630535846,0.5234375,0.6601453575049778,predictive,Ridge (pooled),32,Saudi Electricity Co.
164,0.02472274172856346,0.36926266767624444,0.7119319491314793,0.03864774385954615,0.5060975609756098,0.5428593063758897,0.4926548538543086,0.5670731707317073,0.0979951127853036,predictive,Ridge (pooled),43,Al Rajhi Bank
170,0.22821125427479036,2.965713779644806,0.003019813863109418,0.20394384914284822,0.5588235294117647,0.5556709597008724,0.6003323639385126,0.5117647058823529,0.06526541159679033,predictive,Ridge (pooled),48,Saudi Awwal Bank
110,0.0941784643245658,1.0281112703296134,0.3038974897213199,0.13597298381594616,0.6636363636363637,0.66005291005291,0.6183862433862434,0.509090909090909,0.00011695162189073738,predictive,Ridge (pooled),62,Almarai Co.
163,0.13739927039226746,2.2731931775354477,0.023014541257204285,0.15615292746672357,0.5644171779141104,0.5652664859981933,0.5791930141523638,0.5030674846625767,0.04099713417594242,predictive,Ridge (pooled),77,Saudi Basic Industries Corp.
108,-0.003906602328910416,-0.041966065871998456,0.9665257497844824,-0.010298572871682801,0.5555555555555556,0.54375,0.4934027777777778,0.5555555555555556,0.17587695339693643,predictive,Ridge (pooled),88,Yanbu National Petrochemical Co.
125,0.10130087120588241,1.1482454077339834,0.2508672688556367,0.14715148798777797,0.552,0.5559835644581408,0.539291217257319,0.528,0.10263762224453776,predictive,Ridge (pooled),585,Sahara International Petrochemical Co.
81,0.19606615427481608,2.187241204235494,0.028724920378610092,0.18694068832788557,0.5432098765432098,0.525,0.5858024691358025,0.5555555555555556,0.3165752959433452,predictive,Ridge (pooled),600,Rabigh Refining and Petrochemical Co.
149,-0.005718506124876562,-0.07049391315786668,0.943800545095836,0.01237170257809308,0.46308724832214765,0.46171171171171166,0.4578378378378378,0.5033557046979866,0.8480160375550503,predictive,Ridge (pooled),836,Saudi Arabian Mining Co.
173,0.20611556525085353,2.8594952228383126,0.004243158090433751,0.19591491443973127,0.5549132947976878,0.5652844873859366,0.5895061728395061,0.5317919075144508,0.03492168603376844,predictive,Ridge (pooled),3413,The Saudi National Bank
1521,0.11215865714080865,4.4632497288757165,8.072587531945053e-06,0.11886766538584796,0.539776462853386,0.5449173477837564,0.5498918990087278,0.5220249835634451,0.00016078051979051544,predictive,Ridge (pooled),,Pooled (all firms)
