Positive word,Coef (+),DocFreq (+),Negative word,Coef (-),DocFreq (-)
مكاسبه,0.024978694590534825,706,خسائره,-0.02652291536409732,528
اعلي,0.018912751190504846,1478,ادني,-0.019069748557463018,874
ارتفع,0.0183220932233567,1306,الادني,-0.017428435746369132,295
الاعلي,0.017716450411239634,711,تراجع,-0.01621184113410198,1205
مكاسب,0.012741878536935671,311,الاتحاد,-0.010797274802652268,308
الثلاثاء,0.009885130620163982,699,خسائر,-0.01041471617658281,458
سبكيم,0.007586074417921947,1208,السريع,-0.009709375351979473,173
السعودياظهر,0.007030591827275249,355,والتغليف,-0.008976611477679867,52
الاتصالات,0.007005378770423282,1252,للاعلان,-0.008764215453485082,259
شاشه,0.006448526658878409,1046,الاحد,-0.008492985412512763,546
و,0.006290791961366363,1988,سافكو,-0.008018053228191867,1016
المزادالتغيرالاهلي,0.00609600545776903,58,والصناديق,-0.00713569690847431,99
كهرباء,0.005834604506698487,992,الانابيب,-0.006920914061181763,218
اسبوعاالشركهالسعر,0.0056187336896826165,573,للتدريب,-0.0068033944283687415,288
تداول,0.005611747029629583,2874,تهامه,-0.006670416429994225,267
معادن,0.005506184259139819,1528,الحرمين,-0.006350267877942942,253
القيمه,0.005432531606140354,626,الخليجيه,-0.006148532618118107,310
العالميه,0.005402566233562522,1752,زجاج,-0.006035408414574999,231
الارتفاع,0.0051587842200092595,527,القابضه,-0.0060250332669866905,608
الوحدات,0.005067480231464181,125,طيبه,-0.00570741171481395,256
نادك,0.0049658016770720344,325,الباحه,-0.005603220841073235,301
بي,0.004911423368155834,488,اقل,-0.005396678053931519,273
الاسمنت,0.004812391339344817,452,الصادرات,-0.005352748659307167,188
اداء,0.004643982492877263,887,تعليم,-0.0053160834312684325,131
رابغ,0.004425922563322095,761,سوليدرتي,-0.005244578197931125,162
