CompanyID,Company,TradingDays,Articles,PreOpen%,Intraday%,PostClose%,NewsDays,NewsDaysTrain,NewsDaysTest,MeanWordsPerArticle
30,Saudi Telecom Co.,1248,1159,17.34253666954271,36.84210526315789,45.81535806729939,733,583,150,259.18636755823985
32,Saudi Electricity Co.,1248,888,24.324324324324326,31.756756756756754,43.91891891891892,622,494,128,264.10698198198196
43,Al Rajhi Bank,1248,1248,24.03846153846154,48.95833333333333,27.003205128205128,785,621,164,272.6482371794872
48,Saudi Awwal Bank,1247,1282,24.180967238689547,38.14352574102964,37.67550702028081,802,632,170,304.50546021840876
62,Almarai Co.,1248,697,18.507890961262554,29.124820659971306,52.36728837876614,517,407,110,305.47632711621236
77,Saudi Basic Industries Corp.,1248,1226,19.249592169657422,42.74061990212072,38.00978792822186,755,592,163,283.6655791190865
88,Yanbu National Petrochemical Co.,1248,629,13.831478537360889,42.4483306836248,43.72019077901431,501,393,108,276.60890302066775
585,Sahara International Petrochemical Co.,1248,729,21.67352537722908,39.64334705075446,38.68312757201646,519,394,125,279.6159122085048
600,Rabigh Refining and Petrochemical Co.,1248,455,27.692307692307693,35.824175824175825,36.48351648351648,366,285,81,271.26593406593406
836,Saudi Arabian Mining Co.,1248,854,15.573770491803279,31.26463700234192,53.161592505854806,619,470,149,292.77166276346605
3413,The Saudi National Bank,1247,1359,21.927888153053715,42.82560706401766,35.246504782928625,805,632,173,281.3561442236939
,Total / mean,13726,10526,20.84362530875926,38.98916967509025,40.16720501615049,7024,5503,1521,281.19884096522895
